postgres-e2e	Set up job	﻿2026-06-30T01:11:10.3735770Z Current runner version: '2.335.1'
postgres-e2e	Set up job	2026-06-30T01:11:10.3773781Z ##[group]Runner Image Provisioner
postgres-e2e	Set up job	2026-06-30T01:11:10.3775264Z Hosted Compute Agent
postgres-e2e	Set up job	2026-06-30T01:11:10.3776276Z Version: 20260611.554
postgres-e2e	Set up job	2026-06-30T01:11:10.3777558Z Commit: 5e0782fdc9014723d3be820dd114dd31555c2bd1
postgres-e2e	Set up job	2026-06-30T01:11:10.3778836Z Build Date: 2026-06-11T21:40:46Z
postgres-e2e	Set up job	2026-06-30T01:11:10.3779889Z Worker ID: {6289f1b7-1e8a-41fe-b2ee-de896ee0f350}
postgres-e2e	Set up job	2026-06-30T01:11:10.3780988Z Azure Region: eastus2
postgres-e2e	Set up job	2026-06-30T01:11:10.3781982Z ##[endgroup]
postgres-e2e	Set up job	2026-06-30T01:11:10.3784119Z ##[group]Operating System
postgres-e2e	Set up job	2026-06-30T01:11:10.3785164Z Ubuntu
postgres-e2e	Set up job	2026-06-30T01:11:10.3785947Z 24.04.4
postgres-e2e	Set up job	2026-06-30T01:11:10.3786907Z LTS
postgres-e2e	Set up job	2026-06-30T01:11:10.3787804Z ##[endgroup]
postgres-e2e	Set up job	2026-06-30T01:11:10.3788642Z ##[group]Runner Image
postgres-e2e	Set up job	2026-06-30T01:11:10.3789785Z Image: ubuntu-24.04
postgres-e2e	Set up job	2026-06-30T01:11:10.3790815Z Version: 20260622.220.1
postgres-e2e	Set up job	2026-06-30T01:11:10.3792510Z Included Software: https://github.com/actions/runner-images/blob/ubuntu24/20260622.220/images/ubuntu/Ubuntu2404-Readme.md
postgres-e2e	Set up job	2026-06-30T01:11:10.3795406Z Image Release: https://github.com/actions/runner-images/releases/tag/ubuntu24%2F20260622.220
postgres-e2e	Set up job	2026-06-30T01:11:10.3797285Z ##[endgroup]
postgres-e2e	Set up job	2026-06-30T01:11:10.3799014Z ##[group]GITHUB_TOKEN Permissions
postgres-e2e	Set up job	2026-06-30T01:11:10.3801924Z Contents: read
postgres-e2e	Set up job	2026-06-30T01:11:10.3802873Z Metadata: read
postgres-e2e	Set up job	2026-06-30T01:11:10.3803899Z ##[endgroup]
postgres-e2e	Set up job	2026-06-30T01:11:10.3806973Z Secret source: Actions
postgres-e2e	Set up job	2026-06-30T01:11:10.3808070Z Prepare workflow directory
postgres-e2e	Set up job	2026-06-30T01:11:10.4401630Z Prepare all required actions
postgres-e2e	Set up job	2026-06-30T01:11:10.4454455Z Getting action download info
postgres-e2e	Set up job	2026-06-30T01:11:10.6387024Z Download action repository 'actions/checkout@df4cb1c069e1874edd31b4311f1884172cec0e10' (SHA:df4cb1c069e1874edd31b4311f1884172cec0e10)
postgres-e2e	Set up job	2026-06-30T01:11:10.7201250Z Download action repository 'actions/setup-python@a309ff8b426b58ec0e2a45f0f869d46889d02405' (SHA:a309ff8b426b58ec0e2a45f0f869d46889d02405)
postgres-e2e	Set up job	2026-06-30T01:11:10.7945590Z Download action repository 'actions/upload-artifact@043fb46d1a93c77aae656e7c1c64a875d1fc6a0a' (SHA:043fb46d1a93c77aae656e7c1c64a875d1fc6a0a)
postgres-e2e	Set up job	2026-06-30T01:11:10.9953880Z Complete job name: postgres-e2e
postgres-e2e	Initialize containers	﻿2026-06-30T01:11:11.0459330Z ##[group]Checking docker version
postgres-e2e	Initialize containers	2026-06-30T01:11:11.0472745Z ##[command]/usr/bin/docker version --format '{{.Server.APIVersion}}'
postgres-e2e	Initialize containers	2026-06-30T01:11:11.1278483Z '1.48'
postgres-e2e	Initialize containers	2026-06-30T01:11:11.1294742Z Docker daemon API version: '1.48'
postgres-e2e	Initialize containers	2026-06-30T01:11:11.1295558Z ##[command]/usr/bin/docker version --format '{{.Client.APIVersion}}'
postgres-e2e	Initialize containers	2026-06-30T01:11:11.1455285Z '1.48'
postgres-e2e	Initialize containers	2026-06-30T01:11:11.1468456Z Docker client API version: '1.48'
postgres-e2e	Initialize containers	2026-06-30T01:11:11.1473073Z ##[endgroup]
postgres-e2e	Initialize containers	2026-06-30T01:11:11.1476043Z ##[group]Clean up resources from previous jobs
postgres-e2e	Initialize containers	2026-06-30T01:11:11.1481771Z ##[command]/usr/bin/docker ps --all --quiet --no-trunc --filter "label=a78ffe"
postgres-e2e	Initialize containers	2026-06-30T01:11:11.1620027Z ##[command]/usr/bin/docker network prune --force --filter "label=a78ffe"
postgres-e2e	Initialize containers	2026-06-30T01:11:11.1745292Z ##[endgroup]
postgres-e2e	Initialize containers	2026-06-30T01:11:11.1745823Z ##[group]Create local container network
postgres-e2e	Initialize containers	2026-06-30T01:11:11.1755980Z ##[command]/usr/bin/docker network create --label a78ffe github_network_9ab17dafcda2407787e62a7f79006bce
postgres-e2e	Initialize containers	2026-06-30T01:11:11.2251085Z 01b302bdbacdc38979e245fa98a21d31df20569e4118b68239311e7e117157bd
postgres-e2e	Initialize containers	2026-06-30T01:11:11.2268819Z ##[endgroup]
postgres-e2e	Initialize containers	2026-06-30T01:11:11.2294200Z ##[group]Starting postgres service container
postgres-e2e	Initialize containers	2026-06-30T01:11:11.2317569Z ##[command]/usr/bin/docker pull postgres:16-bookworm@sha256:da514b7d293c5e9126503f85ecd835f4fb0942a77e012fe74f016c114c3e25b8
postgres-e2e	Initialize containers	2026-06-30T01:11:11.4185598Z docker.io/library/postgres@sha256:da514b7d293c5e9126503f85ecd835f4fb0942a77e012fe74f016c114c3e25b8: Pulling from library/postgres
postgres-e2e	Initialize containers	2026-06-30T01:11:11.5105406Z 068fedd6b0f1: Pulling fs layer
postgres-e2e	Initialize containers	2026-06-30T01:11:11.5106318Z 8ac7ce21ccb4: Pulling fs layer
postgres-e2e	Initialize containers	2026-06-30T01:11:11.5107284Z d99b1908e94e: Pulling fs layer
postgres-e2e	Initialize containers	2026-06-30T01:11:11.5107838Z 8ac9c8691b32: Pulling fs layer
postgres-e2e	Initialize containers	2026-06-30T01:11:11.5108354Z c415fe9ad7c5: Pulling fs layer
postgres-e2e	Initialize containers	2026-06-30T01:11:11.5108868Z fff621e76302: Pulling fs layer
postgres-e2e	Initialize containers	2026-06-30T01:11:11.5109669Z 0ce68a99dd3e: Pulling fs layer
postgres-e2e	Initialize containers	2026-06-30T01:11:11.5110172Z add5ccd2a096: Pulling fs layer
postgres-e2e	Initialize containers	2026-06-30T01:11:11.5110683Z a6b4aea95009: Pulling fs layer
postgres-e2e	Initialize containers	2026-06-30T01:11:11.5111197Z fbaf00f8d9e7: Pulling fs layer
postgres-e2e	Initialize containers	2026-06-30T01:11:11.5111688Z 5bc375ce421c: Pulling fs layer
postgres-e2e	Initialize containers	2026-06-30T01:11:11.5112201Z b70219d9fde5: Pulling fs layer
postgres-e2e	Initialize containers	2026-06-30T01:11:11.5112749Z 88eb2d67b1ad: Pulling fs layer
postgres-e2e	Initialize containers	2026-06-30T01:11:11.5113248Z 5544bcdd797f: Pulling fs layer
postgres-e2e	Initialize containers	2026-06-30T01:11:11.5113741Z 8ac9c8691b32: Waiting
postgres-e2e	Initialize containers	2026-06-30T01:11:11.5114189Z c415fe9ad7c5: Waiting
postgres-e2e	Initialize containers	2026-06-30T01:11:11.5114629Z fff621e76302: Waiting
postgres-e2e	Initialize containers	2026-06-30T01:11:11.5115062Z a6b4aea95009: Waiting
postgres-e2e	Initialize containers	2026-06-30T01:11:11.5115494Z 0ce68a99dd3e: Waiting
postgres-e2e	Initialize containers	2026-06-30T01:11:11.5115930Z add5ccd2a096: Waiting
postgres-e2e	Initialize containers	2026-06-30T01:11:11.5116360Z fbaf00f8d9e7: Waiting
postgres-e2e	Initialize containers	2026-06-30T01:11:11.5117042Z 5bc375ce421c: Waiting
postgres-e2e	Initialize containers	2026-06-30T01:11:11.5117482Z b70219d9fde5: Waiting
postgres-e2e	Initialize containers	2026-06-30T01:11:11.5117920Z 88eb2d67b1ad: Waiting
postgres-e2e	Initialize containers	2026-06-30T01:11:11.5118347Z 5544bcdd797f: Waiting
postgres-e2e	Initialize containers	2026-06-30T01:11:11.6097334Z 8ac7ce21ccb4: Verifying Checksum
postgres-e2e	Initialize containers	2026-06-30T01:11:11.6098386Z 8ac7ce21ccb4: Download complete
postgres-e2e	Initialize containers	2026-06-30T01:11:11.6574736Z d99b1908e94e: Verifying Checksum
postgres-e2e	Initialize containers	2026-06-30T01:11:11.6597512Z d99b1908e94e: Download complete
postgres-e2e	Initialize containers	2026-06-30T01:11:11.7033452Z 8ac9c8691b32: Verifying Checksum
postgres-e2e	Initialize containers	2026-06-30T01:11:11.7035820Z 8ac9c8691b32: Download complete
postgres-e2e	Initialize containers	2026-06-30T01:11:11.7325062Z 068fedd6b0f1: Verifying Checksum
postgres-e2e	Initialize containers	2026-06-30T01:11:11.7330477Z 068fedd6b0f1: Download complete
postgres-e2e	Initialize containers	2026-06-30T01:11:11.7889122Z 0ce68a99dd3e: Verifying Checksum
postgres-e2e	Initialize containers	2026-06-30T01:11:11.7914856Z 0ce68a99dd3e: Download complete
postgres-e2e	Initialize containers	2026-06-30T01:11:11.7919368Z fff621e76302: Verifying Checksum
postgres-e2e	Initialize containers	2026-06-30T01:11:11.7920936Z fff621e76302: Download complete
postgres-e2e	Initialize containers	2026-06-30T01:11:11.8397656Z add5ccd2a096: Download complete
postgres-e2e	Initialize containers	2026-06-30T01:11:11.8919132Z fbaf00f8d9e7: Verifying Checksum
postgres-e2e	Initialize containers	2026-06-30T01:11:11.8927027Z fbaf00f8d9e7: Download complete
postgres-e2e	Initialize containers	2026-06-30T01:11:11.9151936Z c415fe9ad7c5: Verifying Checksum
postgres-e2e	Initialize containers	2026-06-30T01:11:11.9154270Z c415fe9ad7c5: Download complete
postgres-e2e	Initialize containers	2026-06-30T01:11:11.9414560Z 5bc375ce421c: Verifying Checksum
postgres-e2e	Initialize containers	2026-06-30T01:11:11.9415697Z 5bc375ce421c: Download complete
postgres-e2e	Initialize containers	2026-06-30T01:11:11.9645057Z b70219d9fde5: Verifying Checksum
postgres-e2e	Initialize containers	2026-06-30T01:11:11.9648009Z b70219d9fde5: Download complete
postgres-e2e	Initialize containers	2026-06-30T01:11:11.9937533Z 88eb2d67b1ad: Verifying Checksum
postgres-e2e	Initialize containers	2026-06-30T01:11:11.9948248Z 88eb2d67b1ad: Download complete
postgres-e2e	Initialize containers	2026-06-30T01:11:12.0185154Z 5544bcdd797f: Verifying Checksum
postgres-e2e	Initialize containers	2026-06-30T01:11:12.0201387Z 5544bcdd797f: Download complete
postgres-e2e	Initialize containers	2026-06-30T01:11:12.2566028Z a6b4aea95009: Verifying Checksum
postgres-e2e	Initialize containers	2026-06-30T01:11:12.2567617Z a6b4aea95009: Download complete
postgres-e2e	Initialize containers	2026-06-30T01:11:12.8997468Z 068fedd6b0f1: Pull complete
postgres-e2e	Initialize containers	2026-06-30T01:11:13.1749633Z 8ac7ce21ccb4: Pull complete
postgres-e2e	Initialize containers	2026-06-30T01:11:13.3084781Z d99b1908e94e: Pull complete
postgres-e2e	Initialize containers	2026-06-30T01:11:13.3457075Z 8ac9c8691b32: Pull complete
postgres-e2e	Initialize containers	2026-06-30T01:11:13.6390184Z c415fe9ad7c5: Pull complete
postgres-e2e	Initialize containers	2026-06-30T01:11:13.7150977Z fff621e76302: Pull complete
postgres-e2e	Initialize containers	2026-06-30T01:11:13.7232700Z 0ce68a99dd3e: Pull complete
postgres-e2e	Initialize containers	2026-06-30T01:11:13.7318090Z add5ccd2a096: Pull complete
postgres-e2e	Initialize containers	2026-06-30T01:11:16.6973455Z a6b4aea95009: Pull complete
postgres-e2e	Initialize containers	2026-06-30T01:11:16.7139117Z fbaf00f8d9e7: Pull complete
postgres-e2e	Initialize containers	2026-06-30T01:11:16.7290774Z 5bc375ce421c: Pull complete
postgres-e2e	Initialize containers	2026-06-30T01:11:16.7385999Z b70219d9fde5: Pull complete
postgres-e2e	Initialize containers	2026-06-30T01:11:16.7479145Z 88eb2d67b1ad: Pull complete
postgres-e2e	Initialize containers	2026-06-30T01:11:16.7587314Z 5544bcdd797f: Pull complete
postgres-e2e	Initialize containers	2026-06-30T01:11:16.7625544Z Digest: sha256:da514b7d293c5e9126503f85ecd835f4fb0942a77e012fe74f016c114c3e25b8
postgres-e2e	Initialize containers	2026-06-30T01:11:16.7633447Z Status: Downloaded newer image for postgres@sha256:da514b7d293c5e9126503f85ecd835f4fb0942a77e012fe74f016c114c3e25b8
postgres-e2e	Initialize containers	2026-06-30T01:11:16.7642689Z docker.io/library/postgres:16-bookworm@sha256:da514b7d293c5e9126503f85ecd835f4fb0942a77e012fe74f016c114c3e25b8
postgres-e2e	Initialize containers	2026-06-30T01:11:16.7704229Z ##[command]/usr/bin/docker create --name ab12d02799a041f286c61a40ed335873_postgres16bookwormsha256da514b7d293c5e9126503f85ecd835f4fb0942a77e012fe74f016c114c3e25b8_599e8e --label a78ffe --network github_network_9ab17dafcda2407787e62a7f79006bce --network-alias postgres -p 5432:5432 --health-cmd "pg_isready -U corep_user -d corep_crr3" --health-interval 5s --health-timeout 5s --health-retries 20 -e "POSTGRES_DB=corep_crr3" -e "POSTGRES_USER=corep_user" -e "POSTGRES_PASSWORD=corep_password" -e GITHUB_ACTIONS=true -e CI=true postgres:16-bookworm@sha256:da514b7d293c5e9126503f85ecd835f4fb0942a77e012fe74f016c114c3e25b8
postgres-e2e	Initialize containers	2026-06-30T01:11:16.7959597Z cf3f4bf9972e64e07e5cf14e0e1ac7f6a7feeecfd42ad25df7af5d593c782737
postgres-e2e	Initialize containers	2026-06-30T01:11:16.7982232Z ##[command]/usr/bin/docker start cf3f4bf9972e64e07e5cf14e0e1ac7f6a7feeecfd42ad25df7af5d593c782737
postgres-e2e	Initialize containers	2026-06-30T01:11:16.9950744Z cf3f4bf9972e64e07e5cf14e0e1ac7f6a7feeecfd42ad25df7af5d593c782737
postgres-e2e	Initialize containers	2026-06-30T01:11:16.9979983Z ##[command]/usr/bin/docker ps --all --filter id=cf3f4bf9972e64e07e5cf14e0e1ac7f6a7feeecfd42ad25df7af5d593c782737 --filter status=running --no-trunc --format "{{.ID}} {{.Status}}"
postgres-e2e	Initialize containers	2026-06-30T01:11:17.0119041Z cf3f4bf9972e64e07e5cf14e0e1ac7f6a7feeecfd42ad25df7af5d593c782737 Up Less than a second (health: starting)
postgres-e2e	Initialize containers	2026-06-30T01:11:17.0139184Z ##[command]/usr/bin/docker port cf3f4bf9972e64e07e5cf14e0e1ac7f6a7feeecfd42ad25df7af5d593c782737
postgres-e2e	Initialize containers	2026-06-30T01:11:17.0272338Z 5432/tcp -> 0.0.0.0:5432
postgres-e2e	Initialize containers	2026-06-30T01:11:17.0272982Z 5432/tcp -> [::]:5432
postgres-e2e	Initialize containers	2026-06-30T01:11:17.0319023Z ##[endgroup]
postgres-e2e	Initialize containers	2026-06-30T01:11:17.0328025Z ##[group]Waiting for all services to be ready
postgres-e2e	Initialize containers	2026-06-30T01:11:17.0341384Z ##[command]/usr/bin/docker inspect --format="{{if .Config.Healthcheck}}{{print .State.Health.Status}}{{end}}" cf3f4bf9972e64e07e5cf14e0e1ac7f6a7feeecfd42ad25df7af5d593c782737
postgres-e2e	Initialize containers	2026-06-30T01:11:17.0475914Z starting
postgres-e2e	Initialize containers	2026-06-30T01:11:17.0496395Z postgres service is starting, waiting 2 seconds before checking again.
postgres-e2e	Initialize containers	2026-06-30T01:11:19.0506270Z ##[command]/usr/bin/docker inspect --format="{{if .Config.Healthcheck}}{{print .State.Health.Status}}{{end}}" cf3f4bf9972e64e07e5cf14e0e1ac7f6a7feeecfd42ad25df7af5d593c782737
postgres-e2e	Initialize containers	2026-06-30T01:11:19.0630782Z starting
postgres-e2e	Initialize containers	2026-06-30T01:11:19.0643726Z postgres service is starting, waiting 3 seconds before checking again.
postgres-e2e	Initialize containers	2026-06-30T01:11:22.9453012Z ##[command]/usr/bin/docker inspect --format="{{if .Config.Healthcheck}}{{print .State.Health.Status}}{{end}}" cf3f4bf9972e64e07e5cf14e0e1ac7f6a7feeecfd42ad25df7af5d593c782737
postgres-e2e	Initialize containers	2026-06-30T01:11:22.9582644Z healthy
postgres-e2e	Initialize containers	2026-06-30T01:11:22.9597916Z postgres service is healthy.
postgres-e2e	Initialize containers	2026-06-30T01:11:22.9598647Z ##[endgroup]
postgres-e2e	Run actions/checkout@df4cb1c069e1874edd31b4311f1884172cec0e10	﻿2026-06-30T01:11:22.9941891Z ##[group]Run actions/checkout@df4cb1c069e1874edd31b4311f1884172cec0e10
postgres-e2e	Run actions/checkout@df4cb1c069e1874edd31b4311f1884172cec0e10	2026-06-30T01:11:22.9942535Z with:
postgres-e2e	Run actions/checkout@df4cb1c069e1874edd31b4311f1884172cec0e10	2026-06-30T01:11:22.9942843Z   repository: charpentieralexandre93-ux/Corep-engine-community
postgres-e2e	Run actions/checkout@df4cb1c069e1874edd31b4311f1884172cec0e10	2026-06-30T01:11:22.9946020Z   token: ***
postgres-e2e	Run actions/checkout@df4cb1c069e1874edd31b4311f1884172cec0e10	2026-06-30T01:11:22.9946234Z   ssh-strict: true
postgres-e2e	Run actions/checkout@df4cb1c069e1874edd31b4311f1884172cec0e10	2026-06-30T01:11:22.9946450Z   ssh-user: git
postgres-e2e	Run actions/checkout@df4cb1c069e1874edd31b4311f1884172cec0e10	2026-06-30T01:11:22.9946865Z   persist-credentials: true
postgres-e2e	Run actions/checkout@df4cb1c069e1874edd31b4311f1884172cec0e10	2026-06-30T01:11:22.9947111Z   clean: true
postgres-e2e	Run actions/checkout@df4cb1c069e1874edd31b4311f1884172cec0e10	2026-06-30T01:11:22.9947346Z   sparse-checkout-cone-mode: true
postgres-e2e	Run actions/checkout@df4cb1c069e1874edd31b4311f1884172cec0e10	2026-06-30T01:11:22.9947604Z   fetch-depth: 1
postgres-e2e	Run actions/checkout@df4cb1c069e1874edd31b4311f1884172cec0e10	2026-06-30T01:11:22.9947814Z   fetch-tags: false
postgres-e2e	Run actions/checkout@df4cb1c069e1874edd31b4311f1884172cec0e10	2026-06-30T01:11:22.9948038Z   show-progress: true
postgres-e2e	Run actions/checkout@df4cb1c069e1874edd31b4311f1884172cec0e10	2026-06-30T01:11:22.9948254Z   lfs: false
postgres-e2e	Run actions/checkout@df4cb1c069e1874edd31b4311f1884172cec0e10	2026-06-30T01:11:22.9948448Z   submodules: false
postgres-e2e	Run actions/checkout@df4cb1c069e1874edd31b4311f1884172cec0e10	2026-06-30T01:11:22.9948666Z   set-safe-directory: true
postgres-e2e	Run actions/checkout@df4cb1c069e1874edd31b4311f1884172cec0e10	2026-06-30T01:11:22.9949077Z env:
postgres-e2e	Run actions/checkout@df4cb1c069e1874edd31b4311f1884172cec0e10	2026-06-30T01:11:22.9949540Z   DATABASE_URL: ***localhost:5432/corep_crr3
postgres-e2e	Run actions/checkout@df4cb1c069e1874edd31b4311f1884172cec0e10	2026-06-30T01:11:22.9949829Z   RUN_POSTGRES_E2E: 1
postgres-e2e	Run actions/checkout@df4cb1c069e1874edd31b4311f1884172cec0e10	2026-06-30T01:11:22.9950057Z   RUN_POSTGRES_E2E_RESET: 1
postgres-e2e	Run actions/checkout@df4cb1c069e1874edd31b4311f1884172cec0e10	2026-06-30T01:11:22.9950341Z   COREP_ALLOW_DESTRUCTIVE_RESET: 1
postgres-e2e	Run actions/checkout@df4cb1c069e1874edd31b4311f1884172cec0e10	2026-06-30T01:11:22.9950594Z ##[endgroup]
postgres-e2e	Run actions/checkout@df4cb1c069e1874edd31b4311f1884172cec0e10	2026-06-30T01:11:23.0904254Z Syncing repository: charpentieralexandre93-ux/Corep-engine-community
postgres-e2e	Run actions/checkout@df4cb1c069e1874edd31b4311f1884172cec0e10	2026-06-30T01:11:23.0905671Z ##[group]Getting Git version info
postgres-e2e	Run actions/checkout@df4cb1c069e1874edd31b4311f1884172cec0e10	2026-06-30T01:11:23.0906177Z Working directory is '/home/runner/work/Corep-engine-community/Corep-engine-community'
postgres-e2e	Run actions/checkout@df4cb1c069e1874edd31b4311f1884172cec0e10	2026-06-30T01:11:23.0907171Z [command]/usr/bin/git version
postgres-e2e	Run actions/checkout@df4cb1c069e1874edd31b4311f1884172cec0e10	2026-06-30T01:11:23.0963769Z git version 2.54.0
postgres-e2e	Run actions/checkout@df4cb1c069e1874edd31b4311f1884172cec0e10	2026-06-30T01:11:23.0984240Z ##[endgroup]
postgres-e2e	Run actions/checkout@df4cb1c069e1874edd31b4311f1884172cec0e10	2026-06-30T01:11:23.0998124Z Temporarily overriding HOME='/home/runner/work/_temp/c49f5894-e3ba-4596-ad5b-0581154a8b4b' before making global git config changes
postgres-e2e	Run actions/checkout@df4cb1c069e1874edd31b4311f1884172cec0e10	2026-06-30T01:11:23.0999605Z Adding repository directory to the temporary git global config as a safe directory
postgres-e2e	Run actions/checkout@df4cb1c069e1874edd31b4311f1884172cec0e10	2026-06-30T01:11:23.1003184Z [command]/usr/bin/git config --global --add safe.directory /home/runner/work/Corep-engine-community/Corep-engine-community
postgres-e2e	Run actions/checkout@df4cb1c069e1874edd31b4311f1884172cec0e10	2026-06-30T01:11:23.1049209Z Deleting the contents of '/home/runner/work/Corep-engine-community/Corep-engine-community'
postgres-e2e	Run actions/checkout@df4cb1c069e1874edd31b4311f1884172cec0e10	2026-06-30T01:11:23.1054206Z ##[group]Determining repository object format
postgres-e2e	Run actions/checkout@df4cb1c069e1874edd31b4311f1884172cec0e10	2026-06-30T01:11:23.1056442Z ##[endgroup]
postgres-e2e	Run actions/checkout@df4cb1c069e1874edd31b4311f1884172cec0e10	2026-06-30T01:11:23.1057454Z ##[group]Initializing the repository
postgres-e2e	Run actions/checkout@df4cb1c069e1874edd31b4311f1884172cec0e10	2026-06-30T01:11:23.1062916Z [command]/usr/bin/git init /home/runner/work/Corep-engine-community/Corep-engine-community
postgres-e2e	Run actions/checkout@df4cb1c069e1874edd31b4311f1884172cec0e10	2026-06-30T01:11:23.1167628Z hint: Using 'master' as the name for the initial branch. This default branch name
postgres-e2e	Run actions/checkout@df4cb1c069e1874edd31b4311f1884172cec0e10	2026-06-30T01:11:23.1168425Z hint: will change to "main" in Git 3.0. To configure the initial branch name
postgres-e2e	Run actions/checkout@df4cb1c069e1874edd31b4311f1884172cec0e10	2026-06-30T01:11:23.1169141Z hint: to use in all of your new repositories, which will suppress this warning,
postgres-e2e	Run actions/checkout@df4cb1c069e1874edd31b4311f1884172cec0e10	2026-06-30T01:11:23.1169577Z hint: call:
postgres-e2e	Run actions/checkout@df4cb1c069e1874edd31b4311f1884172cec0e10	2026-06-30T01:11:23.1169773Z hint:
postgres-e2e	Run actions/checkout@df4cb1c069e1874edd31b4311f1884172cec0e10	2026-06-30T01:11:23.1170080Z hint: 	git config --global init.defaultBranch <name>
postgres-e2e	Run actions/checkout@df4cb1c069e1874edd31b4311f1884172cec0e10	2026-06-30T01:11:23.1170414Z hint:
postgres-e2e	Run actions/checkout@df4cb1c069e1874edd31b4311f1884172cec0e10	2026-06-30T01:11:23.1170812Z hint: Names commonly chosen instead of 'master' are 'main', 'trunk' and
postgres-e2e	Run actions/checkout@df4cb1c069e1874edd31b4311f1884172cec0e10	2026-06-30T01:11:23.1171568Z hint: 'development'. The just-created branch can be renamed via this command:
postgres-e2e	Run actions/checkout@df4cb1c069e1874edd31b4311f1884172cec0e10	2026-06-30T01:11:23.1172161Z hint:
postgres-e2e	Run actions/checkout@df4cb1c069e1874edd31b4311f1884172cec0e10	2026-06-30T01:11:23.1172444Z hint: 	git branch -m <name>
postgres-e2e	Run actions/checkout@df4cb1c069e1874edd31b4311f1884172cec0e10	2026-06-30T01:11:23.1172796Z hint:
postgres-e2e	Run actions/checkout@df4cb1c069e1874edd31b4311f1884172cec0e10	2026-06-30T01:11:23.1173287Z hint: Disable this message with "git config set advice.defaultBranchName false"
postgres-e2e	Run actions/checkout@df4cb1c069e1874edd31b4311f1884172cec0e10	2026-06-30T01:11:23.1174347Z Initialized empty Git repository in /home/runner/work/Corep-engine-community/Corep-engine-community/.git/
postgres-e2e	Run actions/checkout@df4cb1c069e1874edd31b4311f1884172cec0e10	2026-06-30T01:11:23.1184175Z [command]/usr/bin/git remote add origin https://github.com/charpentieralexandre93-ux/Corep-engine-community
postgres-e2e	Run actions/checkout@df4cb1c069e1874edd31b4311f1884172cec0e10	2026-06-30T01:11:23.1226212Z ##[endgroup]
postgres-e2e	Run actions/checkout@df4cb1c069e1874edd31b4311f1884172cec0e10	2026-06-30T01:11:23.1226850Z ##[group]Disabling automatic garbage collection
postgres-e2e	Run actions/checkout@df4cb1c069e1874edd31b4311f1884172cec0e10	2026-06-30T01:11:23.1230008Z [command]/usr/bin/git config --local gc.auto 0
postgres-e2e	Run actions/checkout@df4cb1c069e1874edd31b4311f1884172cec0e10	2026-06-30T01:11:23.1258849Z ##[endgroup]
postgres-e2e	Run actions/checkout@df4cb1c069e1874edd31b4311f1884172cec0e10	2026-06-30T01:11:23.1259236Z ##[group]Setting up auth
postgres-e2e	Run actions/checkout@df4cb1c069e1874edd31b4311f1884172cec0e10	2026-06-30T01:11:23.1260120Z Removing SSH command configuration
postgres-e2e	Run actions/checkout@df4cb1c069e1874edd31b4311f1884172cec0e10	2026-06-30T01:11:23.1265621Z [command]/usr/bin/git config --local --name-only --get-regexp core\.sshCommand
postgres-e2e	Run actions/checkout@df4cb1c069e1874edd31b4311f1884172cec0e10	2026-06-30T01:11:23.1298606Z [command]/usr/bin/git submodule foreach --recursive sh -c "git config --local --name-only --get-regexp 'core\.sshCommand' && git config --local --unset-all 'core.sshCommand' || :"
postgres-e2e	Run actions/checkout@df4cb1c069e1874edd31b4311f1884172cec0e10	2026-06-30T01:11:23.1636326Z Removing HTTP extra header
postgres-e2e	Run actions/checkout@df4cb1c069e1874edd31b4311f1884172cec0e10	2026-06-30T01:11:23.1642018Z [command]/usr/bin/git config --local --name-only --get-regexp http\.https\:\/\/github\.com\/\.extraheader
postgres-e2e	Run actions/checkout@df4cb1c069e1874edd31b4311f1884172cec0e10	2026-06-30T01:11:23.1673358Z [command]/usr/bin/git submodule foreach --recursive sh -c "git config --local --name-only --get-regexp 'http\.https\:\/\/github\.com\/\.extraheader' && git config --local --unset-all 'http.https://github.com/.extraheader' || :"
postgres-e2e	Run actions/checkout@df4cb1c069e1874edd31b4311f1884172cec0e10	2026-06-30T01:11:23.1899705Z Removing includeIf entries pointing to credentials config files
postgres-e2e	Run actions/checkout@df4cb1c069e1874edd31b4311f1884172cec0e10	2026-06-30T01:11:23.1906419Z [command]/usr/bin/git config --local --name-only --get-regexp ^includeIf\.gitdir:
postgres-e2e	Run actions/checkout@df4cb1c069e1874edd31b4311f1884172cec0e10	2026-06-30T01:11:23.1937856Z [command]/usr/bin/git submodule foreach --recursive git config --local --show-origin --name-only --get-regexp remote.origin.url
postgres-e2e	Run actions/checkout@df4cb1c069e1874edd31b4311f1884172cec0e10	2026-06-30T01:11:23.2172613Z [command]/usr/bin/git config --file /home/runner/work/_temp/git-credentials-e916bca0-7c83-49e8-9561-32ffdc7e525f.config http.https://github.com/.extraheader AUTHORIZATION: basic ***
postgres-e2e	Run actions/checkout@df4cb1c069e1874edd31b4311f1884172cec0e10	2026-06-30T01:11:23.2208918Z [command]/usr/bin/git config --local includeIf.gitdir:/home/runner/work/Corep-engine-community/Corep-engine-community/.git.path /home/runner/work/_temp/git-credentials-e916bca0-7c83-49e8-9561-32ffdc7e525f.config
postgres-e2e	Run actions/checkout@df4cb1c069e1874edd31b4311f1884172cec0e10	2026-06-30T01:11:23.2238889Z [command]/usr/bin/git config --local includeIf.gitdir:/home/runner/work/Corep-engine-community/Corep-engine-community/.git/worktrees/*.path /home/runner/work/_temp/git-credentials-e916bca0-7c83-49e8-9561-32ffdc7e525f.config
postgres-e2e	Run actions/checkout@df4cb1c069e1874edd31b4311f1884172cec0e10	2026-06-30T01:11:23.2272341Z [command]/usr/bin/git config --local includeIf.gitdir:/github/workspace/.git.path /github/runner_temp/git-credentials-e916bca0-7c83-49e8-9561-32ffdc7e525f.config
postgres-e2e	Run actions/checkout@df4cb1c069e1874edd31b4311f1884172cec0e10	2026-06-30T01:11:23.2302652Z [command]/usr/bin/git config --local includeIf.gitdir:/github/workspace/.git/worktrees/*.path /github/runner_temp/git-credentials-e916bca0-7c83-49e8-9561-32ffdc7e525f.config
postgres-e2e	Run actions/checkout@df4cb1c069e1874edd31b4311f1884172cec0e10	2026-06-30T01:11:23.2337217Z ##[endgroup]
postgres-e2e	Run actions/checkout@df4cb1c069e1874edd31b4311f1884172cec0e10	2026-06-30T01:11:23.2337623Z ##[group]Fetching the repository
postgres-e2e	Run actions/checkout@df4cb1c069e1874edd31b4311f1884172cec0e10	2026-06-30T01:11:23.2345104Z [command]/usr/bin/git -c protocol.version=2 fetch --no-tags --prune --no-recurse-submodules --depth=1 origin +fc76f59b569bd2d113feb6df10d62fcd590e110b:refs/remotes/pull/25/merge
postgres-e2e	Run actions/checkout@df4cb1c069e1874edd31b4311f1884172cec0e10	2026-06-30T01:11:23.4567737Z From https://github.com/charpentieralexandre93-ux/Corep-engine-community
postgres-e2e	Run actions/checkout@df4cb1c069e1874edd31b4311f1884172cec0e10	2026-06-30T01:11:23.4568364Z  * [new ref]         fc76f59b569bd2d113feb6df10d62fcd590e110b -> pull/25/merge
postgres-e2e	Run actions/checkout@df4cb1c069e1874edd31b4311f1884172cec0e10	2026-06-30T01:11:23.4605447Z ##[endgroup]
postgres-e2e	Run actions/checkout@df4cb1c069e1874edd31b4311f1884172cec0e10	2026-06-30T01:11:23.4606038Z ##[group]Determining the checkout info
postgres-e2e	Run actions/checkout@df4cb1c069e1874edd31b4311f1884172cec0e10	2026-06-30T01:11:23.4606886Z ##[endgroup]
postgres-e2e	Run actions/checkout@df4cb1c069e1874edd31b4311f1884172cec0e10	2026-06-30T01:11:23.4611989Z [command]/usr/bin/git sparse-checkout disable
postgres-e2e	Run actions/checkout@df4cb1c069e1874edd31b4311f1884172cec0e10	2026-06-30T01:11:23.4656180Z [command]/usr/bin/git config --local --unset-all extensions.worktreeConfig
postgres-e2e	Run actions/checkout@df4cb1c069e1874edd31b4311f1884172cec0e10	2026-06-30T01:11:23.4686299Z ##[group]Checking out the ref
postgres-e2e	Run actions/checkout@df4cb1c069e1874edd31b4311f1884172cec0e10	2026-06-30T01:11:23.4694313Z [command]/usr/bin/git checkout --progress --force refs/remotes/pull/25/merge
postgres-e2e	Run actions/checkout@df4cb1c069e1874edd31b4311f1884172cec0e10	2026-06-30T01:11:23.4834300Z Note: switching to 'refs/remotes/pull/25/merge'.
postgres-e2e	Run actions/checkout@df4cb1c069e1874edd31b4311f1884172cec0e10	2026-06-30T01:11:23.4834791Z 
postgres-e2e	Run actions/checkout@df4cb1c069e1874edd31b4311f1884172cec0e10	2026-06-30T01:11:23.4835263Z You are in 'detached HEAD' state. You can look around, make experimental
postgres-e2e	Run actions/checkout@df4cb1c069e1874edd31b4311f1884172cec0e10	2026-06-30T01:11:23.4836020Z changes and commit them, and you can discard any commits you make in this
postgres-e2e	Run actions/checkout@df4cb1c069e1874edd31b4311f1884172cec0e10	2026-06-30T01:11:23.4836982Z state without impacting any branches by switching back to a branch.
postgres-e2e	Run actions/checkout@df4cb1c069e1874edd31b4311f1884172cec0e10	2026-06-30T01:11:23.4837455Z 
postgres-e2e	Run actions/checkout@df4cb1c069e1874edd31b4311f1884172cec0e10	2026-06-30T01:11:23.4837763Z If you want to create a new branch to retain commits you create, you may
postgres-e2e	Run actions/checkout@df4cb1c069e1874edd31b4311f1884172cec0e10	2026-06-30T01:11:23.4838462Z do so (now or later) by using -c with the switch command. Example:
postgres-e2e	Run actions/checkout@df4cb1c069e1874edd31b4311f1884172cec0e10	2026-06-30T01:11:23.4838848Z 
postgres-e2e	Run actions/checkout@df4cb1c069e1874edd31b4311f1884172cec0e10	2026-06-30T01:11:23.4839007Z   git switch -c <new-branch-name>
postgres-e2e	Run actions/checkout@df4cb1c069e1874edd31b4311f1884172cec0e10	2026-06-30T01:11:23.4839252Z 
postgres-e2e	Run actions/checkout@df4cb1c069e1874edd31b4311f1884172cec0e10	2026-06-30T01:11:23.4839356Z Or undo this operation with:
postgres-e2e	Run actions/checkout@df4cb1c069e1874edd31b4311f1884172cec0e10	2026-06-30T01:11:23.4839523Z 
postgres-e2e	Run actions/checkout@df4cb1c069e1874edd31b4311f1884172cec0e10	2026-06-30T01:11:23.4839614Z   git switch -
postgres-e2e	Run actions/checkout@df4cb1c069e1874edd31b4311f1884172cec0e10	2026-06-30T01:11:23.4839773Z 
postgres-e2e	Run actions/checkout@df4cb1c069e1874edd31b4311f1884172cec0e10	2026-06-30T01:11:23.4839993Z Turn off this advice by setting config variable advice.detachedHead to false
postgres-e2e	Run actions/checkout@df4cb1c069e1874edd31b4311f1884172cec0e10	2026-06-30T01:11:23.4840523Z 
postgres-e2e	Run actions/checkout@df4cb1c069e1874edd31b4311f1884172cec0e10	2026-06-30T01:11:23.4840884Z HEAD is now at fc76f59 Merge 97b4ea15138b9f5d6483b7b9cf51bf9cc099792b into bd79badc68cc8dce7c5b243d7b30440624b33180
postgres-e2e	Run actions/checkout@df4cb1c069e1874edd31b4311f1884172cec0e10	2026-06-30T01:11:23.4842301Z ##[endgroup]
postgres-e2e	Run actions/checkout@df4cb1c069e1874edd31b4311f1884172cec0e10	2026-06-30T01:11:23.4882012Z [command]/usr/bin/git log -1 --format=%H
postgres-e2e	Run actions/checkout@df4cb1c069e1874edd31b4311f1884172cec0e10	2026-06-30T01:11:23.4906153Z fc76f59b569bd2d113feb6df10d62fcd590e110b
postgres-e2e	Run actions/setup-python@a309ff8b426b58ec0e2a45f0f869d46889d02405	﻿2026-06-30T01:11:23.5155110Z ##[group]Run actions/setup-python@a309ff8b426b58ec0e2a45f0f869d46889d02405
postgres-e2e	Run actions/setup-python@a309ff8b426b58ec0e2a45f0f869d46889d02405	2026-06-30T01:11:23.5155522Z with:
postgres-e2e	Run actions/setup-python@a309ff8b426b58ec0e2a45f0f869d46889d02405	2026-06-30T01:11:23.5155730Z   python-version: 3.11
postgres-e2e	Run actions/setup-python@a309ff8b426b58ec0e2a45f0f869d46889d02405	2026-06-30T01:11:23.5155976Z   cache: pip
postgres-e2e	Run actions/setup-python@a309ff8b426b58ec0e2a45f0f869d46889d02405	2026-06-30T01:11:23.5156191Z   check-latest: false
postgres-e2e	Run actions/setup-python@a309ff8b426b58ec0e2a45f0f869d46889d02405	2026-06-30T01:11:23.5159590Z   token: ***
postgres-e2e	Run actions/setup-python@a309ff8b426b58ec0e2a45f0f869d46889d02405	2026-06-30T01:11:23.5159811Z   update-environment: true
postgres-e2e	Run actions/setup-python@a309ff8b426b58ec0e2a45f0f869d46889d02405	2026-06-30T01:11:23.5160073Z   allow-prereleases: false
postgres-e2e	Run actions/setup-python@a309ff8b426b58ec0e2a45f0f869d46889d02405	2026-06-30T01:11:23.5160305Z   freethreaded: false
postgres-e2e	Run actions/setup-python@a309ff8b426b58ec0e2a45f0f869d46889d02405	2026-06-30T01:11:23.5160523Z env:
postgres-e2e	Run actions/setup-python@a309ff8b426b58ec0e2a45f0f869d46889d02405	2026-06-30T01:11:23.5160953Z   DATABASE_URL: ***localhost:5432/corep_crr3
postgres-e2e	Run actions/setup-python@a309ff8b426b58ec0e2a45f0f869d46889d02405	2026-06-30T01:11:23.5161245Z   RUN_POSTGRES_E2E: 1
postgres-e2e	Run actions/setup-python@a309ff8b426b58ec0e2a45f0f869d46889d02405	2026-06-30T01:11:23.5161502Z   RUN_POSTGRES_E2E_RESET: 1
postgres-e2e	Run actions/setup-python@a309ff8b426b58ec0e2a45f0f869d46889d02405	2026-06-30T01:11:23.5161747Z   COREP_ALLOW_DESTRUCTIVE_RESET: 1
postgres-e2e	Run actions/setup-python@a309ff8b426b58ec0e2a45f0f869d46889d02405	2026-06-30T01:11:23.5162001Z ##[endgroup]
postgres-e2e	Run actions/setup-python@a309ff8b426b58ec0e2a45f0f869d46889d02405	2026-06-30T01:11:23.6434183Z ##[group]Installed versions
postgres-e2e	Run actions/setup-python@a309ff8b426b58ec0e2a45f0f869d46889d02405	2026-06-30T01:11:23.6527707Z Successfully set up CPython (3.11.15)
postgres-e2e	Run actions/setup-python@a309ff8b426b58ec0e2a45f0f869d46889d02405	2026-06-30T01:11:23.6528343Z ##[endgroup]
postgres-e2e	Run actions/setup-python@a309ff8b426b58ec0e2a45f0f869d46889d02405	2026-06-30T01:11:23.7258445Z [command]/opt/hostedtoolcache/Python/3.11.15/x64/bin/pip cache dir
postgres-e2e	Run actions/setup-python@a309ff8b426b58ec0e2a45f0f869d46889d02405	2026-06-30T01:11:24.0238084Z /home/runner/.cache/pip
postgres-e2e	Run actions/setup-python@a309ff8b426b58ec0e2a45f0f869d46889d02405	2026-06-30T01:11:24.1246948Z Cache hit for restore-key: setup-python-Linux-x64-24.04-Ubuntu-python-3.11.15-pip-8465f91af38e1dc7cc3b689dd3103ece0082692ca9222117eb9f8cbd462c130e
postgres-e2e	Run actions/setup-python@a309ff8b426b58ec0e2a45f0f869d46889d02405	2026-06-30T01:11:24.6538373Z Received 109397917 of 109397917 (100.0%), 213.4 MBs/sec
postgres-e2e	Run actions/setup-python@a309ff8b426b58ec0e2a45f0f869d46889d02405	2026-06-30T01:11:24.6539287Z Cache Size: ~104 MB (109397917 B)
postgres-e2e	Run actions/setup-python@a309ff8b426b58ec0e2a45f0f869d46889d02405	2026-06-30T01:11:24.6565428Z [command]/usr/bin/tar -xf /home/runner/work/_temp/94ab8d0a-2508-4315-b09b-3864aef09f47/cache.tzst -P -C /home/runner/work/Corep-engine-community/Corep-engine-community --use-compress-program unzstd
postgres-e2e	Run actions/setup-python@a309ff8b426b58ec0e2a45f0f869d46889d02405	2026-06-30T01:11:24.8423490Z Cache restored successfully
postgres-e2e	Run actions/setup-python@a309ff8b426b58ec0e2a45f0f869d46889d02405	2026-06-30T01:11:24.8482572Z Cache restored from key: setup-python-Linux-x64-24.04-Ubuntu-python-3.11.15-pip-8465f91af38e1dc7cc3b689dd3103ece0082692ca9222117eb9f8cbd462c130e
postgres-e2e	Run python -m pip install --require-hashes -r requirements-dev-py311-linux.lock	﻿2026-06-30T01:11:24.8692894Z ##[group]Run python -m pip install --require-hashes -r requirements-dev-py311-linux.lock
postgres-e2e	Run python -m pip install --require-hashes -r requirements-dev-py311-linux.lock	2026-06-30T01:11:24.8693622Z ^[[36;1mpython -m pip install --require-hashes -r requirements-dev-py311-linux.lock^[[0m
postgres-e2e	Run python -m pip install --require-hashes -r requirements-dev-py311-linux.lock	2026-06-30T01:11:24.8694148Z ^[[36;1mpython -m pip install --no-deps -e ".[dev,postgres]"^[[0m
postgres-e2e	Run python -m pip install --require-hashes -r requirements-dev-py311-linux.lock	2026-06-30T01:11:24.8736387Z shell: /usr/bin/bash -e {0}
postgres-e2e	Run python -m pip install --require-hashes -r requirements-dev-py311-linux.lock	2026-06-30T01:11:24.8736983Z env:
postgres-e2e	Run python -m pip install --require-hashes -r requirements-dev-py311-linux.lock	2026-06-30T01:11:24.8737585Z   DATABASE_URL: ***localhost:5432/corep_crr3
postgres-e2e	Run python -m pip install --require-hashes -r requirements-dev-py311-linux.lock	2026-06-30T01:11:24.8737889Z   RUN_POSTGRES_E2E: 1
postgres-e2e	Run python -m pip install --require-hashes -r requirements-dev-py311-linux.lock	2026-06-30T01:11:24.8738140Z   RUN_POSTGRES_E2E_RESET: 1
postgres-e2e	Run python -m pip install --require-hashes -r requirements-dev-py311-linux.lock	2026-06-30T01:11:24.8738397Z   COREP_ALLOW_DESTRUCTIVE_RESET: 1
postgres-e2e	Run python -m pip install --require-hashes -r requirements-dev-py311-linux.lock	2026-06-30T01:11:24.8738733Z   pythonLocation: /opt/hostedtoolcache/Python/3.11.15/x64
postgres-e2e	Run python -m pip install --require-hashes -r requirements-dev-py311-linux.lock	2026-06-30T01:11:24.8739175Z   PKG_CONFIG_PATH: /opt/hostedtoolcache/Python/3.11.15/x64/lib/pkgconfig
postgres-e2e	Run python -m pip install --require-hashes -r requirements-dev-py311-linux.lock	2026-06-30T01:11:24.8739617Z   Python_ROOT_DIR: /opt/hostedtoolcache/Python/3.11.15/x64
postgres-e2e	Run python -m pip install --require-hashes -r requirements-dev-py311-linux.lock	2026-06-30T01:11:24.8740032Z   Python2_ROOT_DIR: /opt/hostedtoolcache/Python/3.11.15/x64
postgres-e2e	Run python -m pip install --require-hashes -r requirements-dev-py311-linux.lock	2026-06-30T01:11:24.8740470Z   Python3_ROOT_DIR: /opt/hostedtoolcache/Python/3.11.15/x64
postgres-e2e	Run python -m pip install --require-hashes -r requirements-dev-py311-linux.lock	2026-06-30T01:11:24.8740859Z   LD_LIBRARY_PATH: /opt/hostedtoolcache/Python/3.11.15/x64/lib
postgres-e2e	Run python -m pip install --require-hashes -r requirements-dev-py311-linux.lock	2026-06-30T01:11:24.8741188Z ##[endgroup]
postgres-e2e	Run python -m pip install --require-hashes -r requirements-dev-py311-linux.lock	2026-06-30T01:11:25.5796977Z Collecting arrow==1.4.0 (from -r requirements-dev-py311-linux.lock (line 6))
postgres-e2e	Run python -m pip install --require-hashes -r requirements-dev-py311-linux.lock	2026-06-30T01:11:25.5811549Z   Using cached arrow-1.4.0-py3-none-any.whl (68 kB)
postgres-e2e	Run python -m pip install --require-hashes -r requirements-dev-py311-linux.lock	2026-06-30T01:11:25.5990529Z Collecting attrs==26.1.0 (from -r requirements-dev-py311-linux.lock (line 10))
postgres-e2e	Run python -m pip install --require-hashes -r requirements-dev-py311-linux.lock	2026-06-30T01:11:25.6004649Z   Using cached attrs-26.1.0-py3-none-any.whl (67 kB)
postgres-e2e	Run python -m pip install --require-hashes -r requirements-dev-py311-linux.lock	2026-06-30T01:11:25.6268762Z Collecting bandit==1.9.4 (from -r requirements-dev-py311-linux.lock (line 16))
postgres-e2e	Run python -m pip install --require-hashes -r requirements-dev-py311-linux.lock	2026-06-30T01:11:25.6282171Z   Using cached bandit-1.9.4-py3-none-any.whl (134 kB)
postgres-e2e	Run python -m pip install --require-hashes -r requirements-dev-py311-linux.lock	2026-06-30T01:11:25.6489666Z Collecting boolean-py==5.0 (from -r requirements-dev-py311-linux.lock (line 22))
postgres-e2e	Run python -m pip install --require-hashes -r requirements-dev-py311-linux.lock	2026-06-30T01:11:25.6503048Z   Using cached boolean_py-5.0-py3-none-any.whl (26 kB)
postgres-e2e	Run python -m pip install --require-hashes -r requirements-dev-py311-linux.lock	2026-06-30T01:11:25.6826483Z Collecting build==1.5.0 (from -r requirements-dev-py311-linux.lock (line 26))
postgres-e2e	Run python -m pip install --require-hashes -r requirements-dev-py311-linux.lock	2026-06-30T01:11:25.6843735Z   Using cached build-1.5.0-py3-none-any.whl (26 kB)
postgres-e2e	Run python -m pip install --require-hashes -r requirements-dev-py311-linux.lock	2026-06-30T01:11:25.7037027Z Collecting cachecontrol==0.14.4 (from -r requirements-dev-py311-linux.lock (line 32))
postgres-e2e	Run python -m pip install --require-hashes -r requirements-dev-py311-linux.lock	2026-06-30T01:11:25.7050421Z   Using cached cachecontrol-0.14.4-py3-none-any.whl (22 kB)
postgres-e2e	Run python -m pip install --require-hashes -r requirements-dev-py311-linux.lock	2026-06-30T01:11:25.7243128Z Collecting certifi==2026.5.20 (from -r requirements-dev-py311-linux.lock (line 36))
postgres-e2e	Run python -m pip install --require-hashes -r requirements-dev-py311-linux.lock	2026-06-30T01:11:25.7257035Z   Using cached certifi-2026.5.20-py3-none-any.whl (134 kB)
postgres-e2e	Run python -m pip install --require-hashes -r requirements-dev-py311-linux.lock	2026-06-30T01:11:25.7545024Z Collecting chardet==5.2.0 (from -r requirements-dev-py311-linux.lock (line 40))
postgres-e2e	Run python -m pip install --require-hashes -r requirements-dev-py311-linux.lock	2026-06-30T01:11:25.7558225Z   Using cached chardet-5.2.0-py3-none-any.whl (199 kB)
postgres-e2e	Run python -m pip install --require-hashes -r requirements-dev-py311-linux.lock	2026-06-30T01:11:25.8877011Z Collecting charset-normalizer==3.4.7 (from -r requirements-dev-py311-linux.lock (line 44))
postgres-e2e	Run python -m pip install --require-hashes -r requirements-dev-py311-linux.lock	2026-06-30T01:11:25.8892272Z   Using cached charset_normalizer-3.4.7-cp311-cp311-manylinux2014_x86_64.manylinux_2_17_x86_64.manylinux_2_28_x86_64.whl (214 kB)
postgres-e2e	Run python -m pip install --require-hashes -r requirements-dev-py311-linux.lock	2026-06-30T01:11:26.2108337Z Collecting coverage==7.14.1 (from -r requirements-dev-py311-linux.lock (line 175))
postgres-e2e	Run python -m pip install --require-hashes -r requirements-dev-py311-linux.lock	2026-06-30T01:11:26.2124291Z   Using cached coverage-7.14.1-cp311-cp311-manylinux1_x86_64.manylinux_2_28_x86_64.manylinux_2_5_x86_64.whl (252 kB)
postgres-e2e	Run python -m pip install --require-hashes -r requirements-dev-py311-linux.lock	2026-06-30T01:11:26.2342829Z Collecting cyclonedx-bom==7.3.0 (from -r requirements-dev-py311-linux.lock (line 283))
postgres-e2e	Run python -m pip install --require-hashes -r requirements-dev-py311-linux.lock	2026-06-30T01:11:26.2355432Z   Using cached cyclonedx_bom-7.3.0-py3-none-any.whl (60 kB)
postgres-e2e	Run python -m pip install --require-hashes -r requirements-dev-py311-linux.lock	2026-06-30T01:11:26.2578737Z Collecting cyclonedx-python-lib==11.10.0 (from -r requirements-dev-py311-linux.lock (line 289))
postgres-e2e	Run python -m pip install --require-hashes -r requirements-dev-py311-linux.lock	2026-06-30T01:11:26.2592113Z   Using cached cyclonedx_python_lib-11.10.0-py3-none-any.whl (527 kB)
postgres-e2e	Run python -m pip install --require-hashes -r requirements-dev-py311-linux.lock	2026-06-30T01:11:26.2729161Z Collecting defusedxml==0.7.1 (from -r requirements-dev-py311-linux.lock (line 295))
postgres-e2e	Run python -m pip install --require-hashes -r requirements-dev-py311-linux.lock	2026-06-30T01:11:26.2741623Z   Using cached defusedxml-0.7.1-py2.py3-none-any.whl (25 kB)
postgres-e2e	Run python -m pip install --require-hashes -r requirements-dev-py311-linux.lock	2026-06-30T01:11:26.2928718Z Collecting filelock==3.29.4 (from -r requirements-dev-py311-linux.lock (line 301))
postgres-e2e	Run python -m pip install --require-hashes -r requirements-dev-py311-linux.lock	2026-06-30T01:11:26.2941664Z   Using cached filelock-3.29.4-py3-none-any.whl (42 kB)
postgres-e2e	Run python -m pip install --require-hashes -r requirements-dev-py311-linux.lock	2026-06-30T01:11:26.3053075Z Collecting fqdn==1.5.1 (from -r requirements-dev-py311-linux.lock (line 305))
postgres-e2e	Run python -m pip install --require-hashes -r requirements-dev-py311-linux.lock	2026-06-30T01:11:26.3065696Z   Using cached fqdn-1.5.1-py3-none-any.whl (9.1 kB)
postgres-e2e	Run python -m pip install --require-hashes -r requirements-dev-py311-linux.lock	2026-06-30T01:11:26.3204764Z Collecting idna==3.18 (from -r requirements-dev-py311-linux.lock (line 309))
postgres-e2e	Run python -m pip install --require-hashes -r requirements-dev-py311-linux.lock	2026-06-30T01:11:26.3217903Z   Using cached idna-3.18-py3-none-any.whl (65 kB)
postgres-e2e	Run python -m pip install --require-hashes -r requirements-dev-py311-linux.lock	2026-06-30T01:11:26.3335997Z Collecting iniconfig==2.3.0 (from -r requirements-dev-py311-linux.lock (line 315))
postgres-e2e	Run python -m pip install --require-hashes -r requirements-dev-py311-linux.lock	2026-06-30T01:11:26.3348846Z   Using cached iniconfig-2.3.0-py3-none-any.whl (7.5 kB)
postgres-e2e	Run python -m pip install --require-hashes -r requirements-dev-py311-linux.lock	2026-06-30T01:11:26.3459343Z Collecting isoduration==20.11.0 (from -r requirements-dev-py311-linux.lock (line 319))
postgres-e2e	Run python -m pip install --require-hashes -r requirements-dev-py311-linux.lock	2026-06-30T01:11:26.3472134Z   Using cached isoduration-20.11.0-py3-none-any.whl (11 kB)
postgres-e2e	Run python -m pip install --require-hashes -r requirements-dev-py311-linux.lock	2026-06-30T01:11:26.3637529Z Collecting jsonpointer==3.1.1 (from -r requirements-dev-py311-linux.lock (line 323))
postgres-e2e	Run python -m pip install --require-hashes -r requirements-dev-py311-linux.lock	2026-06-30T01:11:26.3651408Z   Using cached jsonpointer-3.1.1-py3-none-any.whl (7.7 kB)
postgres-e2e	Run python -m pip install --require-hashes -r requirements-dev-py311-linux.lock	2026-06-30T01:11:26.3829550Z Collecting jsonschema==4.26.0 (from -r requirements-dev-py311-linux.lock (line 327))
postgres-e2e	Run python -m pip install --require-hashes -r requirements-dev-py311-linux.lock	2026-06-30T01:11:26.3842259Z   Using cached jsonschema-4.26.0-py3-none-any.whl (90 kB)
postgres-e2e	Run python -m pip install --require-hashes -r requirements-dev-py311-linux.lock	2026-06-30T01:11:26.3983781Z Collecting jsonschema-specifications==2025.9.1 (from -r requirements-dev-py311-linux.lock (line 331))
postgres-e2e	Run python -m pip install --require-hashes -r requirements-dev-py311-linux.lock	2026-06-30T01:11:26.3996382Z   Using cached jsonschema_specifications-2025.9.1-py3-none-any.whl (18 kB)
postgres-e2e	Run python -m pip install --require-hashes -r requirements-dev-py311-linux.lock	2026-06-30T01:11:26.4146043Z Collecting lark==1.3.1 (from -r requirements-dev-py311-linux.lock (line 335))
postgres-e2e	Run python -m pip install --require-hashes -r requirements-dev-py311-linux.lock	2026-06-30T01:11:26.4158483Z   Using cached lark-1.3.1-py3-none-any.whl (113 kB)
postgres-e2e	Run python -m pip install --require-hashes -r requirements-dev-py311-linux.lock	2026-06-30T01:11:26.5004545Z Collecting librt==0.11.0 (from -r requirements-dev-py311-linux.lock (line 339))
postgres-e2e	Run python -m pip install --require-hashes -r requirements-dev-py311-linux.lock	2026-06-30T01:11:26.5019862Z   Using cached librt-0.11.0-cp311-cp311-manylinux2014_x86_64.manylinux_2_17_x86_64.manylinux_2_28_x86_64.whl (497 kB)
postgres-e2e	Run python -m pip install --require-hashes -r requirements-dev-py311-linux.lock	2026-06-30T01:11:26.5180802Z Collecting license-expression==30.4.4 (from -r requirements-dev-py311-linux.lock (line 431))
postgres-e2e	Run python -m pip install --require-hashes -r requirements-dev-py311-linux.lock	2026-06-30T01:11:26.5193906Z   Using cached license_expression-30.4.4-py3-none-any.whl (120 kB)
postgres-e2e	Run python -m pip install --require-hashes -r requirements-dev-py311-linux.lock	2026-06-30T01:11:26.7108082Z Collecting lxml==6.1.1 (from -r requirements-dev-py311-linux.lock (line 435))
postgres-e2e	Run python -m pip install --require-hashes -r requirements-dev-py311-linux.lock	2026-06-30T01:11:26.7123601Z   Using cached lxml-6.1.1-cp311-cp311-manylinux_2_26_x86_64.manylinux_2_28_x86_64.whl (5.2 MB)
postgres-e2e	Run python -m pip install --require-hashes -r requirements-dev-py311-linux.lock	2026-06-30T01:11:26.7338206Z Collecting markdown-it-py==4.2.0 (from -r requirements-dev-py311-linux.lock (line 571))
postgres-e2e	Run python -m pip install --require-hashes -r requirements-dev-py311-linux.lock	2026-06-30T01:11:26.7352095Z   Using cached markdown_it_py-4.2.0-py3-none-any.whl (91 kB)
postgres-e2e	Run python -m pip install --require-hashes -r requirements-dev-py311-linux.lock	2026-06-30T01:11:26.7488690Z Collecting mdurl==0.1.2 (from -r requirements-dev-py311-linux.lock (line 575))
postgres-e2e	Run python -m pip install --require-hashes -r requirements-dev-py311-linux.lock	2026-06-30T01:11:26.7500891Z   Using cached mdurl-0.1.2-py3-none-any.whl (10.0 kB)
postgres-e2e	Run python -m pip install --require-hashes -r requirements-dev-py311-linux.lock	2026-06-30T01:11:26.8376050Z Collecting msgpack==1.2.0 (from -r requirements-dev-py311-linux.lock (line 579))
postgres-e2e	Run python -m pip install --require-hashes -r requirements-dev-py311-linux.lock	2026-06-30T01:11:26.8390027Z   Using cached msgpack-1.2.0-cp311-cp311-manylinux2014_x86_64.manylinux_2_17_x86_64.manylinux_2_28_x86_64.whl (423 kB)
postgres-e2e	Run python -m pip install --require-hashes -r requirements-dev-py311-linux.lock	2026-06-30T01:11:26.9190166Z Collecting mypy==1.20.2 (from -r requirements-dev-py311-linux.lock (line 647))
postgres-e2e	Run python -m pip install --require-hashes -r requirements-dev-py311-linux.lock	2026-06-30T01:11:26.9205073Z   Using cached mypy-1.20.2-cp311-cp311-manylinux2014_x86_64.manylinux_2_17_x86_64.manylinux_2_28_x86_64.whl (14.6 MB)
postgres-e2e	Run python -m pip install --require-hashes -r requirements-dev-py311-linux.lock	2026-06-30T01:11:26.9558288Z Collecting mypy-extensions==1.1.0 (from -r requirements-dev-py311-linux.lock (line 696))
postgres-e2e	Run python -m pip install --require-hashes -r requirements-dev-py311-linux.lock	2026-06-30T01:11:26.9571235Z   Using cached mypy_extensions-1.1.0-py3-none-any.whl (5.0 kB)
postgres-e2e	Run python -m pip install --require-hashes -r requirements-dev-py311-linux.lock	2026-06-30T01:11:26.9721277Z Collecting packageurl-python==0.17.6 (from -r requirements-dev-py311-linux.lock (line 700))
postgres-e2e	Run python -m pip install --require-hashes -r requirements-dev-py311-linux.lock	2026-06-30T01:11:26.9734149Z   Using cached packageurl_python-0.17.6-py3-none-any.whl (36 kB)
postgres-e2e	Run python -m pip install --require-hashes -r requirements-dev-py311-linux.lock	2026-06-30T01:11:26.9889644Z Collecting packaging==26.2 (from -r requirements-dev-py311-linux.lock (line 706))
postgres-e2e	Run python -m pip install --require-hashes -r requirements-dev-py311-linux.lock	2026-06-30T01:11:26.9902351Z   Using cached packaging-26.2-py3-none-any.whl (100 kB)
postgres-e2e	Run python -m pip install --require-hashes -r requirements-dev-py311-linux.lock	2026-06-30T01:11:27.0028720Z Collecting pathspec==1.1.1 (from -r requirements-dev-py311-linux.lock (line 716))
postgres-e2e	Run python -m pip install --require-hashes -r requirements-dev-py311-linux.lock	2026-06-30T01:11:27.0041479Z   Using cached pathspec-1.1.1-py3-none-any.whl (57 kB)
postgres-e2e	Run python -m pip install --require-hashes -r requirements-dev-py311-linux.lock	2026-06-30T01:11:27.0068932Z Requirement already satisfied: pip==26.1.2 in /opt/hostedtoolcache/Python/3.11.15/x64/lib/python3.11/site-packages (from -r requirements-dev-py311-linux.lock (line 720)) (26.1.2)
postgres-e2e	Run python -m pip install --require-hashes -r requirements-dev-py311-linux.lock	2026-06-30T01:11:27.0184929Z Collecting pip-api==0.0.34 (from -r requirements-dev-py311-linux.lock (line 724))
postgres-e2e	Run python -m pip install --require-hashes -r requirements-dev-py311-linux.lock	2026-06-30T01:11:27.0198087Z   Using cached pip_api-0.0.34-py3-none-any.whl (120 kB)
postgres-e2e	Run python -m pip install --require-hashes -r requirements-dev-py311-linux.lock	2026-06-30T01:11:27.0351757Z Collecting pip-audit==2.10.1 (from -r requirements-dev-py311-linux.lock (line 728))
postgres-e2e	Run python -m pip install --require-hashes -r requirements-dev-py311-linux.lock	2026-06-30T01:11:27.0364439Z   Using cached pip_audit-2.10.1-py3-none-any.whl (62 kB)
postgres-e2e	Run python -m pip install --require-hashes -r requirements-dev-py311-linux.lock	2026-06-30T01:11:27.0565438Z Collecting pip-requirements-parser==32.0.1 (from -r requirements-dev-py311-linux.lock (line 734))
postgres-e2e	Run python -m pip install --require-hashes -r requirements-dev-py311-linux.lock	2026-06-30T01:11:27.0578048Z   Using cached pip_requirements_parser-32.0.1-py3-none-any.whl (35 kB)
postgres-e2e	Run python -m pip install --require-hashes -r requirements-dev-py311-linux.lock	2026-06-30T01:11:27.0745732Z Collecting platformdirs==4.10.0 (from -r requirements-dev-py311-linux.lock (line 740))
postgres-e2e	Run python -m pip install --require-hashes -r requirements-dev-py311-linux.lock	2026-06-30T01:11:27.0764296Z   Using cached platformdirs-4.10.0-py3-none-any.whl (22 kB)
postgres-e2e	Run python -m pip install --require-hashes -r requirements-dev-py311-linux.lock	2026-06-30T01:11:27.0900755Z Collecting pluggy==1.6.0 (from -r requirements-dev-py311-linux.lock (line 744))
postgres-e2e	Run python -m pip install --require-hashes -r requirements-dev-py311-linux.lock	2026-06-30T01:11:27.0915281Z   Using cached pluggy-1.6.0-py3-none-any.whl (20 kB)
postgres-e2e	Run python -m pip install --require-hashes -r requirements-dev-py311-linux.lock	2026-06-30T01:11:27.1573054Z Collecting psycopg2-binary==2.9.11 (from -r requirements-dev-py311-linux.lock (line 750))
postgres-e2e	Run python -m pip install --require-hashes -r requirements-dev-py311-linux.lock	2026-06-30T01:11:27.1588143Z   Using cached psycopg2_binary-2.9.11-cp311-cp311-manylinux2014_x86_64.manylinux_2_17_x86_64.whl (4.2 MB)
postgres-e2e	Run python -m pip install --require-hashes -r requirements-dev-py311-linux.lock	2026-06-30T01:11:27.1798492Z Collecting py-serializable==2.1.0 (from -r requirements-dev-py311-linux.lock (line 821))
postgres-e2e	Run python -m pip install --require-hashes -r requirements-dev-py311-linux.lock	2026-06-30T01:11:27.1811931Z   Using cached py_serializable-2.1.0-py3-none-any.whl (23 kB)
postgres-e2e	Run python -m pip install --require-hashes -r requirements-dev-py311-linux.lock	2026-06-30T01:11:27.1969256Z Collecting pygments==2.20.0 (from -r requirements-dev-py311-linux.lock (line 825))
postgres-e2e	Run python -m pip install --require-hashes -r requirements-dev-py311-linux.lock	2026-06-30T01:11:27.1981999Z   Using cached pygments-2.20.0-py3-none-any.whl (1.2 MB)
postgres-e2e	Run python -m pip install --require-hashes -r requirements-dev-py311-linux.lock	2026-06-30T01:11:27.2214089Z Collecting pyparsing==3.3.2 (from -r requirements-dev-py311-linux.lock (line 831))
postgres-e2e	Run python -m pip install --require-hashes -r requirements-dev-py311-linux.lock	2026-06-30T01:11:27.2227587Z   Using cached pyparsing-3.3.2-py3-none-any.whl (122 kB)
postgres-e2e	Run python -m pip install --require-hashes -r requirements-dev-py311-linux.lock	2026-06-30T01:11:27.2348609Z Collecting pyproject-hooks==1.2.0 (from -r requirements-dev-py311-linux.lock (line 835))
postgres-e2e	Run python -m pip install --require-hashes -r requirements-dev-py311-linux.lock	2026-06-30T01:11:27.2361283Z   Using cached pyproject_hooks-1.2.0-py3-none-any.whl (10 kB)
postgres-e2e	Run python -m pip install --require-hashes -r requirements-dev-py311-linux.lock	2026-06-30T01:11:27.2584607Z Collecting pytest==9.0.2 (from -r requirements-dev-py311-linux.lock (line 839))
postgres-e2e	Run python -m pip install --require-hashes -r requirements-dev-py311-linux.lock	2026-06-30T01:11:27.2603729Z   Using cached pytest-9.0.2-py3-none-any.whl (374 kB)
postgres-e2e	Run python -m pip install --require-hashes -r requirements-dev-py311-linux.lock	2026-06-30T01:11:27.2783378Z Collecting pytest-cov==7.0.0 (from -r requirements-dev-py311-linux.lock (line 846))
postgres-e2e	Run python -m pip install --require-hashes -r requirements-dev-py311-linux.lock	2026-06-30T01:11:27.2796268Z   Using cached pytest_cov-7.0.0-py3-none-any.whl (22 kB)
postgres-e2e	Run python -m pip install --require-hashes -r requirements-dev-py311-linux.lock	2026-06-30T01:11:27.2955959Z Collecting python-dateutil==2.9.0.post0 (from -r requirements-dev-py311-linux.lock (line 852))
postgres-e2e	Run python -m pip install --require-hashes -r requirements-dev-py311-linux.lock	2026-06-30T01:11:27.2968932Z   Using cached python_dateutil-2.9.0.post0-py2.py3-none-any.whl (229 kB)
postgres-e2e	Run python -m pip install --require-hashes -r requirements-dev-py311-linux.lock	2026-06-30T01:11:27.3284872Z Collecting pyyaml==6.0.3 (from -r requirements-dev-py311-linux.lock (line 856))
postgres-e2e	Run python -m pip install --require-hashes -r requirements-dev-py311-linux.lock	2026-06-30T01:11:27.3298966Z   Using cached pyyaml-6.0.3-cp311-cp311-manylinux2014_x86_64.manylinux_2_17_x86_64.manylinux_2_28_x86_64.whl (806 kB)
postgres-e2e	Run python -m pip install --require-hashes -r requirements-dev-py311-linux.lock	2026-06-30T01:11:27.3502847Z Collecting referencing==0.37.0 (from -r requirements-dev-py311-linux.lock (line 933))
postgres-e2e	Run python -m pip install --require-hashes -r requirements-dev-py311-linux.lock	2026-06-30T01:11:27.3515550Z   Using cached referencing-0.37.0-py3-none-any.whl (26 kB)
postgres-e2e	Run python -m pip install --require-hashes -r requirements-dev-py311-linux.lock	2026-06-30T01:11:27.3735543Z Collecting requests==2.34.2 (from -r requirements-dev-py311-linux.lock (line 940))
postgres-e2e	Run python -m pip install --require-hashes -r requirements-dev-py311-linux.lock	2026-06-30T01:11:27.3748754Z   Using cached requests-2.34.2-py3-none-any.whl (73 kB)
postgres-e2e	Run python -m pip install --require-hashes -r requirements-dev-py311-linux.lock	2026-06-30T01:11:27.3866945Z Collecting rfc3339-validator==0.1.4 (from -r requirements-dev-py311-linux.lock (line 946))
postgres-e2e	Run python -m pip install --require-hashes -r requirements-dev-py311-linux.lock	2026-06-30T01:11:27.3879897Z   Using cached rfc3339_validator-0.1.4-py2.py3-none-any.whl (3.5 kB)
postgres-e2e	Run python -m pip install --require-hashes -r requirements-dev-py311-linux.lock	2026-06-30T01:11:27.4048984Z Collecting rfc3986-validator==0.1.1 (from -r requirements-dev-py311-linux.lock (line 950))
postgres-e2e	Run python -m pip install --require-hashes -r requirements-dev-py311-linux.lock	2026-06-30T01:11:27.4061531Z   Using cached rfc3986_validator-0.1.1-py2.py3-none-any.whl (4.2 kB)
postgres-e2e	Run python -m pip install --require-hashes -r requirements-dev-py311-linux.lock	2026-06-30T01:11:27.4212237Z Collecting rfc3987-syntax==1.1.0 (from -r requirements-dev-py311-linux.lock (line 954))
postgres-e2e	Run python -m pip install --require-hashes -r requirements-dev-py311-linux.lock	2026-06-30T01:11:27.4224657Z   Using cached rfc3987_syntax-1.1.0-py3-none-any.whl (8.0 kB)
postgres-e2e	Run python -m pip install --require-hashes -r requirements-dev-py311-linux.lock	2026-06-30T01:11:27.4471502Z Collecting rich==15.0.0 (from -r requirements-dev-py311-linux.lock (line 958))
postgres-e2e	Run python -m pip install --require-hashes -r requirements-dev-py311-linux.lock	2026-06-30T01:11:27.4484797Z   Using cached rich-15.0.0-py3-none-any.whl (310 kB)
postgres-e2e	Run python -m pip install --require-hashes -r requirements-dev-py311-linux.lock	2026-06-30T01:11:27.6749827Z Collecting rpds-py==2026.5.1 (from -r requirements-dev-py311-linux.lock (line 964))
postgres-e2e	Run python -m pip install --require-hashes -r requirements-dev-py311-linux.lock	2026-06-30T01:11:27.6765183Z   Using cached rpds_py-2026.5.1-cp311-cp311-manylinux_2_17_x86_64.manylinux2014_x86_64.whl (378 kB)
postgres-e2e	Run python -m pip install --require-hashes -r requirements-dev-py311-linux.lock	2026-06-30T01:11:27.9597836Z Collecting ruff==0.15.17 (from -r requirements-dev-py311-linux.lock (line 1098))
postgres-e2e	Run python -m pip install --require-hashes -r requirements-dev-py311-linux.lock	2026-06-30T01:11:27.9613553Z   Using cached ruff-0.15.17-py3-none-manylinux_2_17_x86_64.manylinux2014_x86_64.whl (11.6 MB)
postgres-e2e	Run python -m pip install --require-hashes -r requirements-dev-py311-linux.lock	2026-06-30T01:11:28.0346077Z Collecting setuptools==82.0.1 (from -r requirements-dev-py311-linux.lock (line 1120))
postgres-e2e	Run python -m pip install --require-hashes -r requirements-dev-py311-linux.lock	2026-06-30T01:11:28.0359651Z   Using cached setuptools-82.0.1-py3-none-any.whl (1.0 MB)
postgres-e2e	Run python -m pip install --require-hashes -r requirements-dev-py311-linux.lock	2026-06-30T01:11:28.0552356Z Collecting six==1.17.0 (from -r requirements-dev-py311-linux.lock (line 1126))
postgres-e2e	Run python -m pip install --require-hashes -r requirements-dev-py311-linux.lock	2026-06-30T01:11:28.0564732Z   Using cached six-1.17.0-py2.py3-none-any.whl (11 kB)
postgres-e2e	Run python -m pip install --require-hashes -r requirements-dev-py311-linux.lock	2026-06-30T01:11:28.0704403Z Collecting sortedcontainers==2.4.0 (from -r requirements-dev-py311-linux.lock (line 1132))
postgres-e2e	Run python -m pip install --require-hashes -r requirements-dev-py311-linux.lock	2026-06-30T01:11:28.0716935Z   Using cached sortedcontainers-2.4.0-py2.py3-none-any.whl (29 kB)
postgres-e2e	Run python -m pip install --require-hashes -r requirements-dev-py311-linux.lock	2026-06-30T01:11:28.0878129Z Collecting stevedore==5.8.0 (from -r requirements-dev-py311-linux.lock (line 1136))
postgres-e2e	Run python -m pip install --require-hashes -r requirements-dev-py311-linux.lock	2026-06-30T01:11:28.0891059Z   Using cached stevedore-5.8.0-py3-none-any.whl (54 kB)
postgres-e2e	Run python -m pip install --require-hashes -r requirements-dev-py311-linux.lock	2026-06-30T01:11:28.1102003Z Collecting tomli==2.4.1 (from -r requirements-dev-py311-linux.lock (line 1140))
postgres-e2e	Run python -m pip install --require-hashes -r requirements-dev-py311-linux.lock	2026-06-30T01:11:28.1115865Z   Using cached tomli-2.4.1-cp311-cp311-manylinux2014_x86_64.manylinux_2_17_x86_64.manylinux_2_28_x86_64.whl (243 kB)
postgres-e2e	Run python -m pip install --require-hashes -r requirements-dev-py311-linux.lock	2026-06-30T01:11:28.1247914Z Collecting tomli-w==1.2.0 (from -r requirements-dev-py311-linux.lock (line 1191))
postgres-e2e	Run python -m pip install --require-hashes -r requirements-dev-py311-linux.lock	2026-06-30T01:11:28.1260560Z   Using cached tomli_w-1.2.0-py3-none-any.whl (6.7 kB)
postgres-e2e	Run python -m pip install --require-hashes -r requirements-dev-py311-linux.lock	2026-06-30T01:11:28.1461248Z Collecting types-psycopg2==2.9.21.20260518 (from -r requirements-dev-py311-linux.lock (line 1195))
postgres-e2e	Run python -m pip install --require-hashes -r requirements-dev-py311-linux.lock	2026-06-30T01:11:28.1475424Z   Using cached types_psycopg2-2.9.21.20260518-py3-none-any.whl (24 kB)
postgres-e2e	Run python -m pip install --require-hashes -r requirements-dev-py311-linux.lock	2026-06-30T01:11:28.1627983Z Collecting types-pyyaml==6.0.12.20260518 (from -r requirements-dev-py311-linux.lock (line 1202))
postgres-e2e	Run python -m pip install --require-hashes -r requirements-dev-py311-linux.lock	2026-06-30T01:11:28.1640442Z   Using cached types_pyyaml-6.0.12.20260518-py3-none-any.whl (20 kB)
postgres-e2e	Run python -m pip install --require-hashes -r requirements-dev-py311-linux.lock	2026-06-30T01:11:28.1815723Z Collecting typing-extensions==4.15.0 (from -r requirements-dev-py311-linux.lock (line 1208))
postgres-e2e	Run python -m pip install --require-hashes -r requirements-dev-py311-linux.lock	2026-06-30T01:11:28.1828640Z   Using cached typing_extensions-4.15.0-py3-none-any.whl (44 kB)
postgres-e2e	Run python -m pip install --require-hashes -r requirements-dev-py311-linux.lock	2026-06-30T01:11:28.1957218Z Collecting tzdata==2026.2 (from -r requirements-dev-py311-linux.lock (line 1216))
postgres-e2e	Run python -m pip install --require-hashes -r requirements-dev-py311-linux.lock	2026-06-30T01:11:28.1970005Z   Using cached tzdata-2026.2-py2.py3-none-any.whl (349 kB)
postgres-e2e	Run python -m pip install --require-hashes -r requirements-dev-py311-linux.lock	2026-06-30T01:11:28.2109970Z Collecting uri-template==1.3.0 (from -r requirements-dev-py311-linux.lock (line 1220))
postgres-e2e	Run python -m pip install --require-hashes -r requirements-dev-py311-linux.lock	2026-06-30T01:11:28.2122295Z   Using cached uri_template-1.3.0-py3-none-any.whl (11 kB)
postgres-e2e	Run python -m pip install --require-hashes -r requirements-dev-py311-linux.lock	2026-06-30T01:11:28.2319281Z Collecting urllib3==2.7.0 (from -r requirements-dev-py311-linux.lock (line 1224))
postgres-e2e	Run python -m pip install --require-hashes -r requirements-dev-py311-linux.lock	2026-06-30T01:11:28.2332115Z   Using cached urllib3-2.7.0-py3-none-any.whl (131 kB)
postgres-e2e	Run python -m pip install --require-hashes -r requirements-dev-py311-linux.lock	2026-06-30T01:11:28.2565057Z Collecting webcolors==25.10.0 (from -r requirements-dev-py311-linux.lock (line 1228))
postgres-e2e	Run python -m pip install --require-hashes -r requirements-dev-py311-linux.lock	2026-06-30T01:11:28.2577434Z   Using cached webcolors-25.10.0-py3-none-any.whl (14 kB)
postgres-e2e	Run python -m pip install --require-hashes -r requirements-dev-py311-linux.lock	2026-06-30T01:11:28.2732242Z Collecting wheel==0.46.3 (from -r requirements-dev-py311-linux.lock (line 1232))
postgres-e2e	Run python -m pip install --require-hashes -r requirements-dev-py311-linux.lock	2026-06-30T01:11:28.2745225Z   Using cached wheel-0.46.3-py3-none-any.whl (30 kB)
postgres-e2e	Run python -m pip install --require-hashes -r requirements-dev-py311-linux.lock	2026-06-30T01:11:28.4522463Z Installing collected packages: sortedcontainers, boolean-py, webcolors, urllib3, uri-template, tzdata, typing-extensions, types-pyyaml, types-psycopg2, tomli-w, tomli, stevedore, six, setuptools, ruff, rpds-py, rfc3986-validator, pyyaml, pyproject-hooks, pyparsing, pygments, psycopg2-binary, pluggy, platformdirs, pip-api, pathspec, packaging, packageurl-python, mypy-extensions, msgpack, mdurl, lxml, license-expression, librt, lark, jsonpointer, iniconfig, idna, fqdn, filelock, defusedxml, coverage, charset-normalizer, chardet, certifi, attrs, wheel, rfc3987-syntax, rfc3339-validator, requests, referencing, python-dateutil, pytest, py-serializable, pip-requirements-parser, mypy, markdown-it-py, build, rich, pytest-cov, jsonschema-specifications, cyclonedx-python-lib, cachecontrol, arrow, jsonschema, isoduration, bandit, pip-audit, cyclonedx-bom
postgres-e2e	Run python -m pip install --require-hashes -r requirements-dev-py311-linux.lock	2026-06-30T01:11:28.7442285Z   Attempting uninstall: setuptools
postgres-e2e	Run python -m pip install --require-hashes -r requirements-dev-py311-linux.lock	2026-06-30T01:11:28.7459192Z     Found existing installation: setuptools 79.0.1
postgres-e2e	Run python -m pip install --require-hashes -r requirements-dev-py311-linux.lock	2026-06-30T01:11:28.8060305Z     Uninstalling setuptools-79.0.1:
postgres-e2e	Run python -m pip install --require-hashes -r requirements-dev-py311-linux.lock	2026-06-30T01:11:28.8323289Z       Successfully uninstalled setuptools-79.0.1
postgres-e2e	Run python -m pip install --require-hashes -r requirements-dev-py311-linux.lock	2026-06-30T01:11:33.7845738Z 
postgres-e2e	Run python -m pip install --require-hashes -r requirements-dev-py311-linux.lock	2026-06-30T01:11:33.7877275Z Successfully installed arrow-1.4.0 attrs-26.1.0 bandit-1.9.4 boolean-py-5.0 build-1.5.0 cachecontrol-0.14.4 certifi-2026.5.20 chardet-5.2.0 charset-normalizer-3.4.7 coverage-7.14.1 cyclonedx-bom-7.3.0 cyclonedx-python-lib-11.10.0 defusedxml-0.7.1 filelock-3.29.4 fqdn-1.5.1 idna-3.18 iniconfig-2.3.0 isoduration-20.11.0 jsonpointer-3.1.1 jsonschema-4.26.0 jsonschema-specifications-2025.9.1 lark-1.3.1 librt-0.11.0 license-expression-30.4.4 lxml-6.1.1 markdown-it-py-4.2.0 mdurl-0.1.2 msgpack-1.2.0 mypy-1.20.2 mypy-extensions-1.1.0 packageurl-python-0.17.6 packaging-26.2 pathspec-1.1.1 pip-api-0.0.34 pip-audit-2.10.1 pip-requirements-parser-32.0.1 platformdirs-4.10.0 pluggy-1.6.0 psycopg2-binary-2.9.11 py-serializable-2.1.0 pygments-2.20.0 pyparsing-3.3.2 pyproject-hooks-1.2.0 pytest-9.0.2 pytest-cov-7.0.0 python-dateutil-2.9.0.post0 pyyaml-6.0.3 referencing-0.37.0 requests-2.34.2 rfc3339-validator-0.1.4 rfc3986-validator-0.1.1 rfc3987-syntax-1.1.0 rich-15.0.0 rpds-py-2026.5.1 ruff-0.15.17 setuptools-82.0.1 six-1.17.0 sortedcontainers-2.4.0 stevedore-5.8.0 tomli-2.4.1 tomli-w-1.2.0 types-psycopg2-2.9.21.20260518 types-pyyaml-6.0.12.20260518 typing-extensions-4.15.0 tzdata-2026.2 uri-template-1.3.0 urllib3-2.7.0 webcolors-25.10.0 wheel-0.46.3
postgres-e2e	Run python -m pip install --require-hashes -r requirements-dev-py311-linux.lock	2026-06-30T01:11:34.2354755Z Obtaining file:///home/runner/work/Corep-engine-community/Corep-engine-community
postgres-e2e	Run python -m pip install --require-hashes -r requirements-dev-py311-linux.lock	2026-06-30T01:11:34.2373179Z   Installing build dependencies: started
postgres-e2e	Run python -m pip install --require-hashes -r requirements-dev-py311-linux.lock	2026-06-30T01:11:34.8824050Z   Installing build dependencies: finished with status 'done'
postgres-e2e	Run python -m pip install --require-hashes -r requirements-dev-py311-linux.lock	2026-06-30T01:11:34.8830717Z   Checking if build backend supports build_editable: started
postgres-e2e	Run python -m pip install --require-hashes -r requirements-dev-py311-linux.lock	2026-06-30T01:11:35.1798211Z   Checking if build backend supports build_editable: finished with status 'done'
postgres-e2e	Run python -m pip install --require-hashes -r requirements-dev-py311-linux.lock	2026-06-30T01:11:35.1805674Z   Getting requirements to build editable: started
postgres-e2e	Run python -m pip install --require-hashes -r requirements-dev-py311-linux.lock	2026-06-30T01:11:35.4839117Z   Getting requirements to build editable: finished with status 'done'
postgres-e2e	Run python -m pip install --require-hashes -r requirements-dev-py311-linux.lock	2026-06-30T01:11:35.4848307Z   Preparing editable metadata (pyproject.toml): started
postgres-e2e	Run python -m pip install --require-hashes -r requirements-dev-py311-linux.lock	2026-06-30T01:11:35.6615507Z   Preparing editable metadata (pyproject.toml): finished with status 'done'
postgres-e2e	Run python -m pip install --require-hashes -r requirements-dev-py311-linux.lock	2026-06-30T01:11:35.6661064Z Building wheels for collected packages: corep-crr3-community
postgres-e2e	Run python -m pip install --require-hashes -r requirements-dev-py311-linux.lock	2026-06-30T01:11:35.6668198Z   Building editable for corep-crr3-community (pyproject.toml): started
postgres-e2e	Run python -m pip install --require-hashes -r requirements-dev-py311-linux.lock	2026-06-30T01:11:35.8666591Z   Building editable for corep-crr3-community (pyproject.toml): finished with status 'done'
postgres-e2e	Run python -m pip install --require-hashes -r requirements-dev-py311-linux.lock	2026-06-30T01:11:35.8672573Z   Created wheel for corep-crr3-community: filename=corep_crr3_community-6.6.0-0.editable-py3-none-any.whl size=8596 sha256=2ec5bbd996201dd13947cc5420a2ae971a914d43dc25319a7a10299f18c381a9
postgres-e2e	Run python -m pip install --require-hashes -r requirements-dev-py311-linux.lock	2026-06-30T01:11:35.8674639Z   Stored in directory: /tmp/pip-ephem-wheel-cache-_hwtd6l3/wheels/a6/8a/e3/502720a903eefbfebdb2c44230dd41c25442ad3895404cd8d4
postgres-e2e	Run python -m pip install --require-hashes -r requirements-dev-py311-linux.lock	2026-06-30T01:11:35.8696944Z Successfully built corep-crr3-community
postgres-e2e	Run python -m pip install --require-hashes -r requirements-dev-py311-linux.lock	2026-06-30T01:11:35.8718708Z Installing collected packages: corep-crr3-community
postgres-e2e	Run python -m pip install --require-hashes -r requirements-dev-py311-linux.lock	2026-06-30T01:11:35.8804716Z Successfully installed corep-crr3-community-6.6.0
postgres-e2e	Run python -m pytest -q tests/test_postgresql_community_e2e.py	﻿2026-06-30T01:11:35.9430731Z ##[group]Run python -m pytest -q tests/test_postgresql_community_e2e.py
postgres-e2e	Run python -m pytest -q tests/test_postgresql_community_e2e.py	2026-06-30T01:11:35.9431269Z ^[[36;1mpython -m pytest -q tests/test_postgresql_community_e2e.py^[[0m
postgres-e2e	Run python -m pytest -q tests/test_postgresql_community_e2e.py	2026-06-30T01:11:35.9466826Z shell: /usr/bin/bash -e {0}
postgres-e2e	Run python -m pytest -q tests/test_postgresql_community_e2e.py	2026-06-30T01:11:35.9467089Z env:
postgres-e2e	Run python -m pytest -q tests/test_postgresql_community_e2e.py	2026-06-30T01:11:35.9467613Z   DATABASE_URL: ***localhost:5432/corep_crr3
postgres-e2e	Run python -m pytest -q tests/test_postgresql_community_e2e.py	2026-06-30T01:11:35.9467912Z   RUN_POSTGRES_E2E: 1
postgres-e2e	Run python -m pytest -q tests/test_postgresql_community_e2e.py	2026-06-30T01:11:35.9468155Z   RUN_POSTGRES_E2E_RESET: 1
postgres-e2e	Run python -m pytest -q tests/test_postgresql_community_e2e.py	2026-06-30T01:11:35.9468423Z   COREP_ALLOW_DESTRUCTIVE_RESET: 1
postgres-e2e	Run python -m pytest -q tests/test_postgresql_community_e2e.py	2026-06-30T01:11:35.9468755Z   pythonLocation: /opt/hostedtoolcache/Python/3.11.15/x64
postgres-e2e	Run python -m pytest -q tests/test_postgresql_community_e2e.py	2026-06-30T01:11:35.9469202Z   PKG_CONFIG_PATH: /opt/hostedtoolcache/Python/3.11.15/x64/lib/pkgconfig
postgres-e2e	Run python -m pytest -q tests/test_postgresql_community_e2e.py	2026-06-30T01:11:35.9469636Z   Python_ROOT_DIR: /opt/hostedtoolcache/Python/3.11.15/x64
postgres-e2e	Run python -m pytest -q tests/test_postgresql_community_e2e.py	2026-06-30T01:11:35.9470025Z   Python2_ROOT_DIR: /opt/hostedtoolcache/Python/3.11.15/x64
postgres-e2e	Run python -m pytest -q tests/test_postgresql_community_e2e.py	2026-06-30T01:11:35.9470402Z   Python3_ROOT_DIR: /opt/hostedtoolcache/Python/3.11.15/x64
postgres-e2e	Run python -m pytest -q tests/test_postgresql_community_e2e.py	2026-06-30T01:11:35.9470775Z   LD_LIBRARY_PATH: /opt/hostedtoolcache/Python/3.11.15/x64/lib
postgres-e2e	Run python -m pytest -q tests/test_postgresql_community_e2e.py	2026-06-30T01:11:35.9471150Z ##[endgroup]
postgres-e2e	Run python -m pytest -q tests/test_postgresql_community_e2e.py	2026-06-30T01:11:36.6125589Z F                                                                        [100%]
postgres-e2e	Run python -m pytest -q tests/test_postgresql_community_e2e.py	2026-06-30T01:11:36.6126216Z =================================== FAILURES ===================================
postgres-e2e	Run python -m pytest -q tests/test_postgresql_community_e2e.py	2026-06-30T01:11:36.6127040Z ______________ test_community_bootstrap_then_sa_and_saccr_engines ______________
postgres-e2e	Run python -m pytest -q tests/test_postgresql_community_e2e.py	2026-06-30T01:11:36.6127456Z 
postgres-e2e	Run python -m pytest -q tests/test_postgresql_community_e2e.py	2026-06-30T01:11:36.6127686Z     def test_community_bootstrap_then_sa_and_saccr_engines():
postgres-e2e	Run python -m pytest -q tests/test_postgresql_community_e2e.py	2026-06-30T01:11:36.6128188Z         import psycopg2
postgres-e2e	Run python -m pytest -q tests/test_postgresql_community_e2e.py	2026-06-30T01:11:36.6128520Z     
postgres-e2e	Run python -m pytest -q tests/test_postgresql_community_e2e.py	2026-06-30T01:11:36.6128833Z         from corep_crr3.db import Database, build_dsn_from_env
postgres-e2e	Run python -m pytest -q tests/test_postgresql_community_e2e.py	2026-06-30T01:11:36.6129215Z         from corep_crr3.saccr_engine import run_saccr_engine
postgres-e2e	Run python -m pytest -q tests/test_postgresql_community_e2e.py	2026-06-30T01:11:36.6129604Z         from corep_crr3.standard_engine import run_standard_engine
postgres-e2e	Run python -m pytest -q tests/test_postgresql_community_e2e.py	2026-06-30T01:11:36.6129950Z     
postgres-e2e	Run python -m pytest -q tests/test_postgresql_community_e2e.py	2026-06-30T01:11:36.6130215Z         if isinstance(getattr(psycopg2, "connect", None), Mock):
postgres-e2e	Run python -m pytest -q tests/test_postgresql_community_e2e.py	2026-06-30T01:11:36.6130955Z             pytest.fail("psycopg2 réel requis pour RUN_POSTGRES_E2E=1")
postgres-e2e	Run python -m pytest -q tests/test_postgresql_community_e2e.py	2026-06-30T01:11:36.6131317Z     
postgres-e2e	Run python -m pytest -q tests/test_postgresql_community_e2e.py	2026-06-30T01:11:36.6131529Z         env = os.environ.copy()
postgres-e2e	Run python -m pytest -q tests/test_postgresql_community_e2e.py	2026-06-30T01:11:36.6131951Z         env["PYTHONPATH"] = str(PROJECT_ROOT / "src") + os.pathsep + env.get("PYTHONPATH", "")
postgres-e2e	Run python -m pytest -q tests/test_postgresql_community_e2e.py	2026-06-30T01:11:36.6132356Z     
postgres-e2e	Run python -m pytest -q tests/test_postgresql_community_e2e.py	2026-06-30T01:11:36.6132676Z         bootstrap_command = [sys.executable, "-m", "corep_crr3.community_bootstrap"]
postgres-e2e	Run python -m pytest -q tests/test_postgresql_community_e2e.py	2026-06-30T01:11:36.6133111Z         if os.getenv("RUN_POSTGRES_E2E_RESET") == "1":
postgres-e2e	Run python -m pytest -q tests/test_postgresql_community_e2e.py	2026-06-30T01:11:36.6133522Z             bootstrap_command.extend(["--reset", "--confirm-reset", "RESET"])
postgres-e2e	Run python -m pytest -q tests/test_postgresql_community_e2e.py	2026-06-30T01:11:36.6133918Z         bootstrap = _run(bootstrap_command, env)
postgres-e2e	Run python -m pytest -q tests/test_postgresql_community_e2e.py	2026-06-30T01:11:36.6134261Z         assert bootstrap.returncode == 0, bootstrap.stdout
postgres-e2e	Run python -m pytest -q tests/test_postgresql_community_e2e.py	2026-06-30T01:11:36.6134570Z     
postgres-e2e	Run python -m pytest -q tests/test_postgresql_community_e2e.py	2026-06-30T01:11:36.6134781Z         db = Database(build_dsn_from_env())
postgres-e2e	Run python -m pytest -q tests/test_postgresql_community_e2e.py	2026-06-30T01:11:36.6135076Z         batch_id = "COMMUNITY_E2E_428"
postgres-e2e	Run python -m pytest -q tests/test_postgresql_community_e2e.py	2026-06-30T01:11:36.6135350Z         reporting_date = "2026-06-30"
postgres-e2e	Run python -m pytest -q tests/test_postgresql_community_e2e.py	2026-06-30T01:11:36.6135604Z         try:
postgres-e2e	Run python -m pytest -q tests/test_postgresql_community_e2e.py	2026-06-30T01:11:36.6135817Z             with db.transaction():
postgres-e2e	Run python -m pytest -q tests/test_postgresql_community_e2e.py	2026-06-30T01:11:36.6136266Z                 db.execute("DELETE FROM meta.batch_run_control WHERE batch_id = %s", (batch_id,))
postgres-e2e	Run python -m pytest -q tests/test_postgresql_community_e2e.py	2026-06-30T01:11:36.6136904Z                 db.execute(
postgres-e2e	Run python -m pytest -q tests/test_postgresql_community_e2e.py	2026-06-30T01:11:36.6137195Z                     """
postgres-e2e	Run python -m pytest -q tests/test_postgresql_community_e2e.py	2026-06-30T01:11:36.6137451Z                     INSERT INTO meta.batch_run_control (
postgres-e2e	Run python -m pytest -q tests/test_postgresql_community_e2e.py	2026-06-30T01:11:36.6137820Z                         batch_id, regulatory_version_id, reporting_date, status,
postgres-e2e	Run python -m pytest -q tests/test_postgresql_community_e2e.py	2026-06-30T01:11:36.6138500Z                         loaded_rows, rejected_rows, calculated_rows, notes
postgres-e2e	Run python -m pytest -q tests/test_postgresql_community_e2e.py	2026-06-30T01:11:36.6138904Z                     ) VALUES (%s, 'CRR3_V9', %s, 'RUNNING', 2, 0, 0, 'Community E2E')
postgres-e2e	Run python -m pytest -q tests/test_postgresql_community_e2e.py	2026-06-30T01:11:36.6139252Z                     """,
postgres-e2e	Run python -m pytest -q tests/test_postgresql_community_e2e.py	2026-06-30T01:11:36.6139490Z                     (batch_id, reporting_date),
postgres-e2e	Run python -m pytest -q tests/test_postgresql_community_e2e.py	2026-06-30T01:11:36.6139761Z                 )
postgres-e2e	Run python -m pytest -q tests/test_postgresql_community_e2e.py	2026-06-30T01:11:36.6139966Z                 db.execute(
postgres-e2e	Run python -m pytest -q tests/test_postgresql_community_e2e.py	2026-06-30T01:11:36.6140386Z                     """
postgres-e2e	Run python -m pytest -q tests/test_postgresql_community_e2e.py	2026-06-30T01:11:36.6140627Z                     INSERT INTO stg.stg_exposures (
postgres-e2e	Run python -m pytest -q tests/test_postgresql_community_e2e.py	2026-06-30T01:11:36.6140988Z                         batch_id, exposure_id, counterparty_id, asset_class_id,
postgres-e2e	Run python -m pytest -q tests/test_postgresql_community_e2e.py	2026-06-30T01:11:36.6141398Z                         product_type_id, calculation_approach, exposure_amount,
postgres-e2e	Run python -m pytest -q tests/test_postgresql_community_e2e.py	2026-06-30T01:11:36.6141781Z                         provision_amount, guarantee_amount, currency,
postgres-e2e	Run python -m pytest -q tests/test_postgresql_community_e2e.py	2026-06-30T01:11:36.6142176Z                         maturity_months, credit_quality_step, delinquent_flag,
postgres-e2e	Run python -m pytest -q tests/test_postgresql_community_e2e.py	2026-06-30T01:11:36.6142571Z                         supporting_sme_flag, supporting_infra_flag
postgres-e2e	Run python -m pytest -q tests/test_postgresql_community_e2e.py	2026-06-30T01:11:36.6142882Z                     ) VALUES (
postgres-e2e	Run python -m pytest -q tests/test_postgresql_community_e2e.py	2026-06-30T01:11:36.6143171Z                         %s, 'EXP_COMMUNITY_1', 'CP_CORP_01', 'CORPORATE',
postgres-e2e	Run python -m pytest -q tests/test_postgresql_community_e2e.py	2026-06-30T01:11:36.6143519Z                         'TERM_LOAN', 'SA', 100000, 5000, 0, 'EUR',
postgres-e2e	Run python -m pytest -q tests/test_postgresql_community_e2e.py	2026-06-30T01:11:36.6143833Z                         36, 'UNRATED', FALSE, FALSE, FALSE
postgres-e2e	Run python -m pytest -q tests/test_postgresql_community_e2e.py	2026-06-30T01:11:36.6144120Z                     )
postgres-e2e	Run python -m pytest -q tests/test_postgresql_community_e2e.py	2026-06-30T01:11:36.6144325Z                     """,
postgres-e2e	Run python -m pytest -q tests/test_postgresql_community_e2e.py	2026-06-30T01:11:36.6144548Z                     (batch_id,),
postgres-e2e	Run python -m pytest -q tests/test_postgresql_community_e2e.py	2026-06-30T01:11:36.6144788Z                 )
postgres-e2e	Run python -m pytest -q tests/test_postgresql_community_e2e.py	2026-06-30T01:11:36.6144997Z                 db.execute(
postgres-e2e	Run python -m pytest -q tests/test_postgresql_community_e2e.py	2026-06-30T01:11:36.6145216Z                     """
postgres-e2e	Run python -m pytest -q tests/test_postgresql_community_e2e.py	2026-06-30T01:11:36.6145452Z                     INSERT INTO stg.stg_saccr_trades (
postgres-e2e	Run python -m pytest -q tests/test_postgresql_community_e2e.py	2026-06-30T01:11:36.6145794Z                         batch_id, trade_id, netting_set_id, asset_class_id,
postgres-e2e	Run python -m pytest -q tests/test_postgresql_community_e2e.py	2026-06-30T01:11:36.6146189Z                         mtm, addon, collateral, counterparty_id, asset_class,
postgres-e2e	Run python -m pytest -q tests/test_postgresql_community_e2e.py	2026-06-30T01:11:36.6146817Z                         notional, delta, maturity_years, start_date_years,
postgres-e2e	Run python -m pytest -q tests/test_postgresql_community_e2e.py	2026-06-30T01:11:36.6147213Z                         end_date_years, payment_currency
postgres-e2e	Run python -m pytest -q tests/test_postgresql_community_e2e.py	2026-06-30T01:11:36.6147511Z                     ) VALUES (
postgres-e2e	Run python -m pytest -q tests/test_postgresql_community_e2e.py	2026-06-30T01:11:36.6147807Z                         %s, 'TRD_COMMUNITY_1', 'NS_COMMUNITY_1', 'CORPORATE',
postgres-e2e	Run python -m pytest -q tests/test_postgresql_community_e2e.py	2026-06-30T01:11:36.6148145Z                         1000, 0, 0, 'CP_CORP_01', 'FX',
postgres-e2e	Run python -m pytest -q tests/test_postgresql_community_e2e.py	2026-06-30T01:11:36.6148435Z                         250000, 1, 1, 0, 1, 'EUR'
postgres-e2e	Run python -m pytest -q tests/test_postgresql_community_e2e.py	2026-06-30T01:11:36.6148695Z                     )
postgres-e2e	Run python -m pytest -q tests/test_postgresql_community_e2e.py	2026-06-30T01:11:36.6148982Z                     """,
postgres-e2e	Run python -m pytest -q tests/test_postgresql_community_e2e.py	2026-06-30T01:11:36.6149212Z                     (batch_id,),
postgres-e2e	Run python -m pytest -q tests/test_postgresql_community_e2e.py	2026-06-30T01:11:36.6149437Z                 )
postgres-e2e	Run python -m pytest -q tests/test_postgresql_community_e2e.py	2026-06-30T01:11:36.6149626Z     
postgres-e2e	Run python -m pytest -q tests/test_postgresql_community_e2e.py	2026-06-30T01:11:36.6149839Z >           sa_count = run_standard_engine(
postgres-e2e	Run python -m pytest -q tests/test_postgresql_community_e2e.py	2026-06-30T01:11:36.6150222Z                 db, batch_id, "CRR3_V9", reporting_date, strict_fallback_mode=True
postgres-e2e	Run python -m pytest -q tests/test_postgresql_community_e2e.py	2026-06-30T01:11:36.6150614Z             )
postgres-e2e	Run python -m pytest -q tests/test_postgresql_community_e2e.py	2026-06-30T01:11:36.6150735Z 
postgres-e2e	Run python -m pytest -q tests/test_postgresql_community_e2e.py	2026-06-30T01:11:36.6150857Z tests/test_postgresql_community_e2e.py:106: 
postgres-e2e	Run python -m pytest -q tests/test_postgresql_community_e2e.py	2026-06-30T01:11:36.6151206Z _ _ _ _ _ _ _ _ _ _ _ _ _ _ _ _ _ _ _ _ _ _ _ _ _ _ _ _ _ _ _ _ _ _ _ _ _ _ _ _ 
postgres-e2e	Run python -m pytest -q tests/test_postgresql_community_e2e.py	2026-06-30T01:11:36.6151620Z src/corep_crr3/standard_engine.py:1212: in run_standard_engine
postgres-e2e	Run python -m pytest -q tests/test_postgresql_community_e2e.py	2026-06-30T01:11:36.6152022Z     _persist_standard_batches(db, batch_id, buffers, stats)
postgres-e2e	Run python -m pytest -q tests/test_postgresql_community_e2e.py	2026-06-30T01:11:36.6152440Z src/corep_crr3/standard_engine.py:1100: in _persist_standard_batches
postgres-e2e	Run python -m pytest -q tests/test_postgresql_community_e2e.py	2026-06-30T01:11:36.6152807Z     db.executemany(
postgres-e2e	Run python -m pytest -q tests/test_postgresql_community_e2e.py	2026-06-30T01:11:36.6153048Z src/corep_crr3/db.py:435: in executemany
postgres-e2e	Run python -m pytest -q tests/test_postgresql_community_e2e.py	2026-06-30T01:11:36.6153607Z     psycopg2.extras.execute_values(
postgres-e2e	Run python -m pytest -q tests/test_postgresql_community_e2e.py	2026-06-30T01:11:36.6154062Z _ _ _ _ _ _ _ _ _ _ _ _ _ _ _ _ _ _ _ _ _ _ _ _ _ _ _ _ _ _ _ _ _ _ _ _ _ _ _ _ 
postgres-e2e	Run python -m pytest -q tests/test_postgresql_community_e2e.py	2026-06-30T01:11:36.6154425Z 
postgres-e2e	Run python -m pytest -q tests/test_postgresql_community_e2e.py	2026-06-30T01:11:36.6154626Z cur = <cursor object at 0x7fe6d0310a90; closed: -1>
postgres-e2e	Run python -m pytest -q tests/test_postgresql_community_e2e.py	2026-06-30T01:11:36.6155900Z sql = b'\n                INSERT INTO core.core_standard_results (\n                    batch_id, exposure_id, counterparty_...before_supporting_factor,\n                    capital_requirement_8pct\n                ) VALUES %s\n                '
postgres-e2e	Run python -m pytest -q tests/test_postgresql_community_e2e.py	2026-06-30T01:11:36.6157333Z argslist = [('COMMUNITY_E2E_428', 'EXP_COMMUNITY_1', 'CP_CORP_01', 'CORPORATE', 'TERM_LOAN', 100000.0, ...)]
postgres-e2e	Run python -m pytest -q tests/test_postgresql_community_e2e.py	2026-06-30T01:11:36.6157887Z template = b'(%s,%s,%s,%s,%s,%s,%s,%s,%s,%s,%s,%s,%s,%s,%s,%s,%s,%s,%s,%s,%s,%s,%s,%s,%s,%s)'
postgres-e2e	Run python -m pytest -q tests/test_postgresql_community_e2e.py	2026-06-30T01:11:36.6158265Z page_size = 1000, fetch = False
postgres-e2e	Run python -m pytest -q tests/test_postgresql_community_e2e.py	2026-06-30T01:11:36.6158819Z 
postgres-e2e	Run python -m pytest -q tests/test_postgresql_community_e2e.py	2026-06-30T01:11:36.6159146Z     def execute_values(cur, sql, argslist, template=None, page_size=100, fetch=False):
postgres-e2e	Run python -m pytest -q tests/test_postgresql_community_e2e.py	2026-06-30T01:11:36.6159977Z         '''Execute a statement using :sql:`VALUES` with a sequence of parameters.
postgres-e2e	Run python -m pytest -q tests/test_postgresql_community_e2e.py	2026-06-30T01:11:36.6160498Z     
postgres-e2e	Run python -m pytest -q tests/test_postgresql_community_e2e.py	2026-06-30T01:11:36.6160745Z         :param cur: the cursor to use to execute the query.
postgres-e2e	Run python -m pytest -q tests/test_postgresql_community_e2e.py	2026-06-30T01:11:36.6161057Z     
postgres-e2e	Run python -m pytest -q tests/test_postgresql_community_e2e.py	2026-06-30T01:11:36.6161337Z         :param sql: the query to execute. It must contain a single ``%s``
postgres-e2e	Run python -m pytest -q tests/test_postgresql_community_e2e.py	2026-06-30T01:11:36.6161775Z             placeholder, which will be replaced by a `VALUES list`__.
postgres-e2e	Run python -m pytest -q tests/test_postgresql_community_e2e.py	2026-06-30T01:11:36.6162179Z             Example: ``"INSERT INTO mytable (id, f1, f2) VALUES %s"``.
postgres-e2e	Run python -m pytest -q tests/test_postgresql_community_e2e.py	2026-06-30T01:11:36.6162497Z     
postgres-e2e	Run python -m pytest -q tests/test_postgresql_community_e2e.py	2026-06-30T01:11:36.6162801Z         :param argslist: sequence of sequences or dictionaries with the arguments
postgres-e2e	Run python -m pytest -q tests/test_postgresql_community_e2e.py	2026-06-30T01:11:36.6163261Z             to send to the query. The type and content must be consistent with
postgres-e2e	Run python -m pytest -q tests/test_postgresql_community_e2e.py	2026-06-30T01:11:36.6163616Z             *template*.
postgres-e2e	Run python -m pytest -q tests/test_postgresql_community_e2e.py	2026-06-30T01:11:36.6163843Z     
postgres-e2e	Run python -m pytest -q tests/test_postgresql_community_e2e.py	2026-06-30T01:11:36.6164125Z         :param template: the snippet to merge to every item in *argslist* to
postgres-e2e	Run python -m pytest -q tests/test_postgresql_community_e2e.py	2026-06-30T01:11:36.6164499Z             compose the query.
postgres-e2e	Run python -m pytest -q tests/test_postgresql_community_e2e.py	2026-06-30T01:11:36.6164732Z     
postgres-e2e	Run python -m pytest -q tests/test_postgresql_community_e2e.py	2026-06-30T01:11:36.6165020Z             - If the *argslist* items are sequences it should contain positional
postgres-e2e	Run python -m pytest -q tests/test_postgresql_community_e2e.py	2026-06-30T01:11:36.6165475Z               placeholders (e.g. ``"(%s, %s, %s)"``, or ``"(%s, %s, 42)``" if there
postgres-e2e	Run python -m pytest -q tests/test_postgresql_community_e2e.py	2026-06-30T01:11:36.6165842Z               are constants value...).
postgres-e2e	Run python -m pytest -q tests/test_postgresql_community_e2e.py	2026-06-30T01:11:36.6166094Z     
postgres-e2e	Run python -m pytest -q tests/test_postgresql_community_e2e.py	2026-06-30T01:11:36.6166357Z             - If the *argslist* items are mappings it should contain named
postgres-e2e	Run python -m pytest -q tests/test_postgresql_community_e2e.py	2026-06-30T01:11:36.6166895Z               placeholders (e.g. ``"(%(id)s, %(f1)s, 42)"``).
postgres-e2e	Run python -m pytest -q tests/test_postgresql_community_e2e.py	2026-06-30T01:11:36.6167185Z     
postgres-e2e	Run python -m pytest -q tests/test_postgresql_community_e2e.py	2026-06-30T01:11:36.6167470Z             If not specified, assume the arguments are sequence and use a simple
postgres-e2e	Run python -m pytest -q tests/test_postgresql_community_e2e.py	2026-06-30T01:11:36.6167913Z             positional template (i.e.  ``(%s, %s, ...)``), with the number of
postgres-e2e	Run python -m pytest -q tests/test_postgresql_community_e2e.py	2026-06-30T01:11:36.6168341Z             placeholders sniffed by the first element in *argslist*.
postgres-e2e	Run python -m pytest -q tests/test_postgresql_community_e2e.py	2026-06-30T01:11:36.6168661Z     
postgres-e2e	Run python -m pytest -q tests/test_postgresql_community_e2e.py	2026-06-30T01:11:36.6168948Z         :param page_size: maximum number of *argslist* items to include in every
postgres-e2e	Run python -m pytest -q tests/test_postgresql_community_e2e.py	2026-06-30T01:11:36.6169420Z             statement. If there are more items the function will execute more than
postgres-e2e	Run python -m pytest -q tests/test_postgresql_community_e2e.py	2026-06-30T01:11:36.6169788Z             one statement.
postgres-e2e	Run python -m pytest -q tests/test_postgresql_community_e2e.py	2026-06-30T01:11:36.6170013Z     
postgres-e2e	Run python -m pytest -q tests/test_postgresql_community_e2e.py	2026-06-30T01:11:36.6170289Z         :param fetch: if `!True` return the query results into a list (like in a
postgres-e2e	Run python -m pytest -q tests/test_postgresql_community_e2e.py	2026-06-30T01:11:36.6170741Z             `~cursor.fetchall()`).  Useful for queries with :sql:`RETURNING`
postgres-e2e	Run python -m pytest -q tests/test_postgresql_community_e2e.py	2026-06-30T01:11:36.6171079Z             clause.
postgres-e2e	Run python -m pytest -q tests/test_postgresql_community_e2e.py	2026-06-30T01:11:36.6171284Z     
postgres-e2e	Run python -m pytest -q tests/test_postgresql_community_e2e.py	2026-06-30T01:11:36.6171629Z         .. __: https://www.postgresql.org/docs/current/static/queries-values.html
postgres-e2e	Run python -m pytest -q tests/test_postgresql_community_e2e.py	2026-06-30T01:11:36.6172006Z     
postgres-e2e	Run python -m pytest -q tests/test_postgresql_community_e2e.py	2026-06-30T01:11:36.6172317Z         After the execution of the function the `cursor.rowcount` property will
postgres-e2e	Run python -m pytest -q tests/test_postgresql_community_e2e.py	2026-06-30T01:11:36.6172707Z         **not** contain a total result.
postgres-e2e	Run python -m pytest -q tests/test_postgresql_community_e2e.py	2026-06-30T01:11:36.6172960Z     
postgres-e2e	Run python -m pytest -q tests/test_postgresql_community_e2e.py	2026-06-30T01:11:36.6173237Z         While :sql:`INSERT` is an obvious candidate for this function it is
postgres-e2e	Run python -m pytest -q tests/test_postgresql_community_e2e.py	2026-06-30T01:11:36.6173782Z         possible to use it with other statements, for example::
postgres-e2e	Run python -m pytest -q tests/test_postgresql_community_e2e.py	2026-06-30T01:11:36.6174094Z     
postgres-e2e	Run python -m pytest -q tests/test_postgresql_community_e2e.py	2026-06-30T01:11:36.6174283Z             >>> cur.execute(
postgres-e2e	Run python -m pytest -q tests/test_postgresql_community_e2e.py	2026-06-30T01:11:36.6174588Z             ... "create table test (id int primary key, v1 int, v2 int)")
postgres-e2e	Run python -m pytest -q tests/test_postgresql_community_e2e.py	2026-06-30T01:11:36.6174905Z     
postgres-e2e	Run python -m pytest -q tests/test_postgresql_community_e2e.py	2026-06-30T01:11:36.6175101Z             >>> execute_values(cur,
postgres-e2e	Run python -m pytest -q tests/test_postgresql_community_e2e.py	2026-06-30T01:11:36.6175876Z             ... "INSERT INTO test (id, v1, v2) VALUES %s",
postgres-e2e	Run python -m pytest -q tests/test_postgresql_community_e2e.py	2026-06-30T01:11:36.6176192Z             ... [(1, 2, 3), (4, 5, 6), (7, 8, 9)])
postgres-e2e	Run python -m pytest -q tests/test_postgresql_community_e2e.py	2026-06-30T01:11:36.6176449Z     
postgres-e2e	Run python -m pytest -q tests/test_postgresql_community_e2e.py	2026-06-30T01:11:36.6176794Z             >>> execute_values(cur,
postgres-e2e	Run python -m pytest -q tests/test_postgresql_community_e2e.py	2026-06-30T01:11:36.6177184Z             ... """UPDATE test SET v1 = data.v1 FROM (VALUES %s) AS data (id, v1)
postgres-e2e	Run python -m pytest -q tests/test_postgresql_community_e2e.py	2026-06-30T01:11:36.6177545Z             ... WHERE test.id = data.id""",
postgres-e2e	Run python -m pytest -q tests/test_postgresql_community_e2e.py	2026-06-30T01:11:36.6177941Z             ... [(1, 20), (4, 50)])
postgres-e2e	Run python -m pytest -q tests/test_postgresql_community_e2e.py	2026-06-30T01:11:36.6178167Z     
postgres-e2e	Run python -m pytest -q tests/test_postgresql_community_e2e.py	2026-06-30T01:11:36.6178401Z             >>> cur.execute("select * from test order by id")
postgres-e2e	Run python -m pytest -q tests/test_postgresql_community_e2e.py	2026-06-30T01:11:36.6178716Z             >>> cur.fetchall()
postgres-e2e	Run python -m pytest -q tests/test_postgresql_community_e2e.py	2026-06-30T01:11:36.6178966Z             [(1, 20, 3), (4, 50, 6), (7, 8, 9)])
postgres-e2e	Run python -m pytest -q tests/test_postgresql_community_e2e.py	2026-06-30T01:11:36.6179221Z     
postgres-e2e	Run python -m pytest -q tests/test_postgresql_community_e2e.py	2026-06-30T01:11:36.6179403Z         '''
postgres-e2e	Run python -m pytest -q tests/test_postgresql_community_e2e.py	2026-06-30T01:11:36.6179617Z         from psycopg2.sql import Composable
postgres-e2e	Run python -m pytest -q tests/test_postgresql_community_e2e.py	2026-06-30T01:11:36.6179905Z         if isinstance(sql, Composable):
postgres-e2e	Run python -m pytest -q tests/test_postgresql_community_e2e.py	2026-06-30T01:11:36.6180177Z             sql = sql.as_string(cur)
postgres-e2e	Run python -m pytest -q tests/test_postgresql_community_e2e.py	2026-06-30T01:11:36.6180419Z     
postgres-e2e	Run python -m pytest -q tests/test_postgresql_community_e2e.py	2026-06-30T01:11:36.6180690Z         # we can't just use sql % vals because vals is bytes: if sql is bytes
postgres-e2e	Run python -m pytest -q tests/test_postgresql_community_e2e.py	2026-06-30T01:11:36.6181142Z         # there will be some decoding error because of stupid codec used, and Py3
postgres-e2e	Run python -m pytest -q tests/test_postgresql_community_e2e.py	2026-06-30T01:11:36.6181510Z         # doesn't implement % on bytes.
postgres-e2e	Run python -m pytest -q tests/test_postgresql_community_e2e.py	2026-06-30T01:11:36.6181787Z         if not isinstance(sql, bytes):
postgres-e2e	Run python -m pytest -q tests/test_postgresql_community_e2e.py	2026-06-30T01:11:36.6182124Z             sql = sql.encode(_ext.encodings[cur.connection.encoding])
postgres-e2e	Run python -m pytest -q tests/test_postgresql_community_e2e.py	2026-06-30T01:11:36.6182464Z         pre, post = _split_sql(sql)
postgres-e2e	Run python -m pytest -q tests/test_postgresql_community_e2e.py	2026-06-30T01:11:36.6182711Z     
postgres-e2e	Run python -m pytest -q tests/test_postgresql_community_e2e.py	2026-06-30T01:11:36.6182903Z         result = [] if fetch else None
postgres-e2e	Run python -m pytest -q tests/test_postgresql_community_e2e.py	2026-06-30T01:11:36.6183210Z         for page in _paginate(argslist, page_size=page_size):
postgres-e2e	Run python -m pytest -q tests/test_postgresql_community_e2e.py	2026-06-30T01:11:36.6183529Z             if template is None:
postgres-e2e	Run python -m pytest -q tests/test_postgresql_community_e2e.py	2026-06-30T01:11:36.6183843Z                 template = b'(' + b','.join([b'%s'] * len(page[0])) + b')'
postgres-e2e	Run python -m pytest -q tests/test_postgresql_community_e2e.py	2026-06-30T01:11:36.6184178Z             parts = pre[:]
postgres-e2e	Run python -m pytest -q tests/test_postgresql_community_e2e.py	2026-06-30T01:11:36.6184414Z             for args in page:
postgres-e2e	Run python -m pytest -q tests/test_postgresql_community_e2e.py	2026-06-30T01:11:36.6184690Z                 parts.append(cur.mogrify(template, args))
postgres-e2e	Run python -m pytest -q tests/test_postgresql_community_e2e.py	2026-06-30T01:11:36.6185000Z                 parts.append(b',')
postgres-e2e	Run python -m pytest -q tests/test_postgresql_community_e2e.py	2026-06-30T01:11:36.6185269Z             parts[-1:] = post
postgres-e2e	Run python -m pytest -q tests/test_postgresql_community_e2e.py	2026-06-30T01:11:36.6185520Z >           cur.execute(b''.join(parts))
postgres-e2e	Run python -m pytest -q tests/test_postgresql_community_e2e.py	2026-06-30T01:11:36.6186031Z E           psycopg2.errors.UndefinedColumn: column "ccf_applied" of relation "core_standard_results" does not exist
postgres-e2e	Run python -m pytest -q tests/test_postgresql_community_e2e.py	2026-06-30T01:11:36.6363045Z E           LINE 7:                     ccf_applied, ccf_bucket, rw_rule_source,...
postgres-e2e	Run python -m pytest -q tests/test_postgresql_community_e2e.py	2026-06-30T01:11:36.6363636Z E                                       ^
postgres-e2e	Run python -m pytest -q tests/test_postgresql_community_e2e.py	2026-06-30T01:11:36.6363900Z 
postgres-e2e	Run python -m pytest -q tests/test_postgresql_community_e2e.py	2026-06-30T01:11:36.6364254Z /opt/hostedtoolcache/Python/3.11.15/x64/lib/python3.11/site-packages/psycopg2/extras.py:1299: UndefinedColumn
postgres-e2e	Run python -m pytest -q tests/test_postgresql_community_e2e.py	2026-06-30T01:11:36.6364835Z =========================== short test summary info ============================
postgres-e2e	Run python -m pytest -q tests/test_postgresql_community_e2e.py	2026-06-30T01:11:36.6365745Z FAILED tests/test_postgresql_community_e2e.py::test_community_bootstrap_then_sa_and_saccr_engines - psycopg2.errors.UndefinedColumn: column "ccf_applied" of relation "core_standard_results" does not exist
postgres-e2e	Run python -m pytest -q tests/test_postgresql_community_e2e.py	2026-06-30T01:11:36.6366825Z LINE 7:                     ccf_applied, ccf_bucket, rw_rule_source,...
postgres-e2e	Run python -m pytest -q tests/test_postgresql_community_e2e.py	2026-06-30T01:11:36.6367252Z                             ^
postgres-e2e	Run python -m pytest -q tests/test_postgresql_community_e2e.py	2026-06-30T01:11:36.6367496Z 1 failed in 0.43s
postgres-e2e	Run python -m pytest -q tests/test_postgresql_community_e2e.py	2026-06-30T01:11:36.6660209Z ##[error]Process completed with exit code 1.
postgres-e2e	Publier la preuve PostgreSQL	﻿2026-06-30T01:11:36.6733870Z ##[group]Run actions/upload-artifact@043fb46d1a93c77aae656e7c1c64a875d1fc6a0a
postgres-e2e	Publier la preuve PostgreSQL	2026-06-30T01:11:36.6734292Z with:
postgres-e2e	Publier la preuve PostgreSQL	2026-06-30T01:11:36.6734537Z   name: community-postgresql-evidence
postgres-e2e	Publier la preuve PostgreSQL	2026-06-30T01:11:36.6734929Z   path: output/readiness_ci.json
postgres-e2e	Publier la preuve PostgreSQL	output/release_evidence_ci.json
postgres-e2e	Publier la preuve PostgreSQL	
postgres-e2e	Publier la preuve PostgreSQL	2026-06-30T01:11:36.6735296Z   if-no-files-found: warn
postgres-e2e	Publier la preuve PostgreSQL	2026-06-30T01:11:36.6735540Z   compression-level: 6
postgres-e2e	Publier la preuve PostgreSQL	2026-06-30T01:11:36.6735784Z   overwrite: false
postgres-e2e	Publier la preuve PostgreSQL	2026-06-30T01:11:36.6736032Z   include-hidden-files: false
postgres-e2e	Publier la preuve PostgreSQL	2026-06-30T01:11:36.6736281Z   archive: true
postgres-e2e	Publier la preuve PostgreSQL	2026-06-30T01:11:36.6736968Z env:
postgres-e2e	Publier la preuve PostgreSQL	2026-06-30T01:11:36.6737504Z   DATABASE_URL: ***localhost:5432/corep_crr3
postgres-e2e	Publier la preuve PostgreSQL	2026-06-30T01:11:36.6737807Z   RUN_POSTGRES_E2E: 1
postgres-e2e	Publier la preuve PostgreSQL	2026-06-30T01:11:36.6738041Z   RUN_POSTGRES_E2E_RESET: 1
postgres-e2e	Publier la preuve PostgreSQL	2026-06-30T01:11:36.6738296Z   COREP_ALLOW_DESTRUCTIVE_RESET: 1
postgres-e2e	Publier la preuve PostgreSQL	2026-06-30T01:11:36.6738639Z   pythonLocation: /opt/hostedtoolcache/Python/3.11.15/x64
postgres-e2e	Publier la preuve PostgreSQL	2026-06-30T01:11:36.6739066Z   PKG_CONFIG_PATH: /opt/hostedtoolcache/Python/3.11.15/x64/lib/pkgconfig
postgres-e2e	Publier la preuve PostgreSQL	2026-06-30T01:11:36.6739533Z   Python_ROOT_DIR: /opt/hostedtoolcache/Python/3.11.15/x64
postgres-e2e	Publier la preuve PostgreSQL	2026-06-30T01:11:36.6739906Z   Python2_ROOT_DIR: /opt/hostedtoolcache/Python/3.11.15/x64
postgres-e2e	Publier la preuve PostgreSQL	2026-06-30T01:11:36.6740277Z   Python3_ROOT_DIR: /opt/hostedtoolcache/Python/3.11.15/x64
postgres-e2e	Publier la preuve PostgreSQL	2026-06-30T01:11:36.6740668Z   LD_LIBRARY_PATH: /opt/hostedtoolcache/Python/3.11.15/x64/lib
postgres-e2e	Publier la preuve PostgreSQL	2026-06-30T01:11:36.6740994Z ##[endgroup]
postgres-e2e	Publier la preuve PostgreSQL	2026-06-30T01:11:36.8150886Z Multiple search paths detected. Calculating the least common ancestor of all paths
postgres-e2e	Publier la preuve PostgreSQL	2026-06-30T01:11:36.8152840Z The least common ancestor is /home/runner/work/Corep-engine-community/Corep-engine-community/output. This will be the root directory of the artifact
postgres-e2e	Publier la preuve PostgreSQL	2026-06-30T01:11:36.8166557Z ##[warning]No files were found with the provided path: output/readiness_ci.json
postgres-e2e	Publier la preuve PostgreSQL	output/release_evidence_ci.json. No artifacts will be uploaded.
postgres-e2e	Post Run actions/checkout@df4cb1c069e1874edd31b4311f1884172cec0e10	﻿2026-06-30T01:11:36.8345153Z Post job cleanup.
postgres-e2e	Post Run actions/checkout@df4cb1c069e1874edd31b4311f1884172cec0e10	2026-06-30T01:11:36.9191001Z [command]/usr/bin/git version
postgres-e2e	Post Run actions/checkout@df4cb1c069e1874edd31b4311f1884172cec0e10	2026-06-30T01:11:36.9260199Z git version 2.54.0
postgres-e2e	Post Run actions/checkout@df4cb1c069e1874edd31b4311f1884172cec0e10	2026-06-30T01:11:36.9298339Z Temporarily overriding HOME='/home/runner/work/_temp/cd63f29a-0c00-4211-8653-b95401d79cef' before making global git config changes
postgres-e2e	Post Run actions/checkout@df4cb1c069e1874edd31b4311f1884172cec0e10	2026-06-30T01:11:36.9299561Z Adding repository directory to the temporary git global config as a safe directory
postgres-e2e	Post Run actions/checkout@df4cb1c069e1874edd31b4311f1884172cec0e10	2026-06-30T01:11:36.9304874Z [command]/usr/bin/git config --global --add safe.directory /home/runner/work/Corep-engine-community/Corep-engine-community
postgres-e2e	Post Run actions/checkout@df4cb1c069e1874edd31b4311f1884172cec0e10	2026-06-30T01:11:36.9335674Z Removing SSH command configuration
postgres-e2e	Post Run actions/checkout@df4cb1c069e1874edd31b4311f1884172cec0e10	2026-06-30T01:11:36.9342476Z [command]/usr/bin/git config --local --name-only --get-regexp core\.sshCommand
postgres-e2e	Post Run actions/checkout@df4cb1c069e1874edd31b4311f1884172cec0e10	2026-06-30T01:11:36.9377592Z [command]/usr/bin/git submodule foreach --recursive sh -c "git config --local --name-only --get-regexp 'core\.sshCommand' && git config --local --unset-all 'core.sshCommand' || :"
postgres-e2e	Post Run actions/checkout@df4cb1c069e1874edd31b4311f1884172cec0e10	2026-06-30T01:11:36.9616469Z Removing HTTP extra header
postgres-e2e	Post Run actions/checkout@df4cb1c069e1874edd31b4311f1884172cec0e10	2026-06-30T01:11:36.9621812Z [command]/usr/bin/git config --local --name-only --get-regexp http\.https\:\/\/github\.com\/\.extraheader
postgres-e2e	Post Run actions/checkout@df4cb1c069e1874edd31b4311f1884172cec0e10	2026-06-30T01:11:36.9656970Z [command]/usr/bin/git submodule foreach --recursive sh -c "git config --local --name-only --get-regexp 'http\.https\:\/\/github\.com\/\.extraheader' && git config --local --unset-all 'http.https://github.com/.extraheader' || :"
postgres-e2e	Post Run actions/checkout@df4cb1c069e1874edd31b4311f1884172cec0e10	2026-06-30T01:11:36.9889212Z Removing includeIf entries pointing to credentials config files
postgres-e2e	Post Run actions/checkout@df4cb1c069e1874edd31b4311f1884172cec0e10	2026-06-30T01:11:36.9895482Z [command]/usr/bin/git config --local --name-only --get-regexp ^includeIf\.gitdir:
postgres-e2e	Post Run actions/checkout@df4cb1c069e1874edd31b4311f1884172cec0e10	2026-06-30T01:11:36.9923036Z includeif.gitdir:/home/runner/work/Corep-engine-community/Corep-engine-community/.git.path
postgres-e2e	Post Run actions/checkout@df4cb1c069e1874edd31b4311f1884172cec0e10	2026-06-30T01:11:36.9923927Z includeif.gitdir:/home/runner/work/Corep-engine-community/Corep-engine-community/.git/worktrees/*.path
postgres-e2e	Post Run actions/checkout@df4cb1c069e1874edd31b4311f1884172cec0e10	2026-06-30T01:11:36.9924536Z includeif.gitdir:/github/workspace/.git.path
postgres-e2e	Post Run actions/checkout@df4cb1c069e1874edd31b4311f1884172cec0e10	2026-06-30T01:11:36.9924917Z includeif.gitdir:/github/workspace/.git/worktrees/*.path
postgres-e2e	Post Run actions/checkout@df4cb1c069e1874edd31b4311f1884172cec0e10	2026-06-30T01:11:36.9931735Z [command]/usr/bin/git config --local --get-all includeif.gitdir:/home/runner/work/Corep-engine-community/Corep-engine-community/.git.path
postgres-e2e	Post Run actions/checkout@df4cb1c069e1874edd31b4311f1884172cec0e10	2026-06-30T01:11:36.9954189Z /home/runner/work/_temp/git-credentials-e916bca0-7c83-49e8-9561-32ffdc7e525f.config
postgres-e2e	Post Run actions/checkout@df4cb1c069e1874edd31b4311f1884172cec0e10	2026-06-30T01:11:36.9965107Z [command]/usr/bin/git config --local --unset includeif.gitdir:/home/runner/work/Corep-engine-community/Corep-engine-community/.git.path /home/runner/work/_temp/git-credentials-e916bca0-7c83-49e8-9561-32ffdc7e525f.config
postgres-e2e	Post Run actions/checkout@df4cb1c069e1874edd31b4311f1884172cec0e10	2026-06-30T01:11:37.0003463Z [command]/usr/bin/git config --local --get-all includeif.gitdir:/home/runner/work/Corep-engine-community/Corep-engine-community/.git/worktrees/*.path
postgres-e2e	Post Run actions/checkout@df4cb1c069e1874edd31b4311f1884172cec0e10	2026-06-30T01:11:37.0027080Z /home/runner/work/_temp/git-credentials-e916bca0-7c83-49e8-9561-32ffdc7e525f.config
postgres-e2e	Post Run actions/checkout@df4cb1c069e1874edd31b4311f1884172cec0e10	2026-06-30T01:11:37.0036885Z [command]/usr/bin/git config --local --unset includeif.gitdir:/home/runner/work/Corep-engine-community/Corep-engine-community/.git/worktrees/*.path /home/runner/work/_temp/git-credentials-e916bca0-7c83-49e8-9561-32ffdc7e525f.config
postgres-e2e	Post Run actions/checkout@df4cb1c069e1874edd31b4311f1884172cec0e10	2026-06-30T01:11:37.0070394Z [command]/usr/bin/git config --local --get-all includeif.gitdir:/github/workspace/.git.path
postgres-e2e	Post Run actions/checkout@df4cb1c069e1874edd31b4311f1884172cec0e10	2026-06-30T01:11:37.0092089Z /github/runner_temp/git-credentials-e916bca0-7c83-49e8-9561-32ffdc7e525f.config
postgres-e2e	Post Run actions/checkout@df4cb1c069e1874edd31b4311f1884172cec0e10	2026-06-30T01:11:37.0100074Z [command]/usr/bin/git config --local --unset includeif.gitdir:/github/workspace/.git.path /github/runner_temp/git-credentials-e916bca0-7c83-49e8-9561-32ffdc7e525f.config
postgres-e2e	Post Run actions/checkout@df4cb1c069e1874edd31b4311f1884172cec0e10	2026-06-30T01:11:37.0131772Z [command]/usr/bin/git config --local --get-all includeif.gitdir:/github/workspace/.git/worktrees/*.path
postgres-e2e	Post Run actions/checkout@df4cb1c069e1874edd31b4311f1884172cec0e10	2026-06-30T01:11:37.0154604Z /github/runner_temp/git-credentials-e916bca0-7c83-49e8-9561-32ffdc7e525f.config
postgres-e2e	Post Run actions/checkout@df4cb1c069e1874edd31b4311f1884172cec0e10	2026-06-30T01:11:37.0162108Z [command]/usr/bin/git config --local --unset includeif.gitdir:/github/workspace/.git/worktrees/*.path /github/runner_temp/git-credentials-e916bca0-7c83-49e8-9561-32ffdc7e525f.config
postgres-e2e	Post Run actions/checkout@df4cb1c069e1874edd31b4311f1884172cec0e10	2026-06-30T01:11:37.0196549Z [command]/usr/bin/git submodule foreach --recursive git config --local --show-origin --name-only --get-regexp remote.origin.url
postgres-e2e	Post Run actions/checkout@df4cb1c069e1874edd31b4311f1884172cec0e10	2026-06-30T01:11:37.0450625Z Removing credentials config '/home/runner/work/_temp/git-credentials-e916bca0-7c83-49e8-9561-32ffdc7e525f.config'
postgres-e2e	Stop containers	﻿2026-06-30T01:11:37.0604130Z Print service container logs: ab12d02799a041f286c61a40ed335873_postgres16bookwormsha256da514b7d293c5e9126503f85ecd835f4fb0942a77e012fe74f016c114c3e25b8_599e8e
postgres-e2e	Stop containers	2026-06-30T01:11:37.0609316Z ##[command]/usr/bin/docker logs --details cf3f4bf9972e64e07e5cf14e0e1ac7f6a7feeecfd42ad25df7af5d593c782737
postgres-e2e	Stop containers	2026-06-30T01:11:37.0733501Z  The files belonging to this database system will be owned by user "postgres".
postgres-e2e	Stop containers	2026-06-30T01:11:37.0735373Z  initdb: warning: enabling "trust" authentication for local connections
postgres-e2e	Stop containers	2026-06-30T01:11:37.0735912Z  This user must also own the server process.
postgres-e2e	Stop containers	2026-06-30T01:11:37.0736772Z  
postgres-e2e	Stop containers	2026-06-30T01:11:37.0737565Z  initdb: hint: You can change this by editing pg_hba.conf or using the option -A, or --auth-local and --auth-host, the next time you run initdb.
postgres-e2e	Stop containers	2026-06-30T01:11:37.0739071Z  2026-06-30 01:11:17.923 UTC [1] LOG:  starting PostgreSQL 16.14 (Debian 16.14-1.pgdg12+1) on x86_64-pc-linux-gnu, compiled by gcc (Debian 12.2.0-14+deb12u1) 12.2.0, 64-bit
postgres-e2e	Stop containers	2026-06-30T01:11:37.0739878Z  2026-06-30 01:11:17.923 UTC [1] LOG:  listening on IPv4 address "0.0.0.0", port 5432
postgres-e2e	Stop containers	2026-06-30T01:11:37.0740405Z  2026-06-30 01:11:17.923 UTC [1] LOG:  listening on IPv6 address "::", port 5432
postgres-e2e	Stop containers	2026-06-30T01:11:37.0740914Z  2026-06-30 01:11:17.924 UTC [1] LOG:  listening on Unix socket "/var/run/postgresql/.s.PGSQL.5432"
postgres-e2e	Stop containers	2026-06-30T01:11:37.0741490Z  2026-06-30 01:11:17.927 UTC [64] LOG:  database system was shut down at 2026-06-30 01:11:17 UTC
postgres-e2e	Stop containers	2026-06-30T01:11:37.0741992Z  2026-06-30 01:11:17.930 UTC [1] LOG:  database system is ready to accept connections
postgres-e2e	Stop containers	2026-06-30T01:11:37.0742474Z  2026-06-30 01:11:36.357 UTC [92] WARNING:  there is already a transaction in progress
postgres-e2e	Stop containers	2026-06-30T01:11:37.0742942Z  2026-06-30 01:11:36.357 UTC [92] WARNING:  there is no transaction in progress
postgres-e2e	Stop containers	2026-06-30T01:11:37.0743477Z  2026-06-30 01:11:36.431 UTC [92] WARNING:  there is already a transaction in progress
postgres-e2e	Stop containers	2026-06-30T01:11:37.0743946Z  2026-06-30 01:11:36.445 UTC [92] WARNING:  there is no transaction in progress
postgres-e2e	Stop containers	2026-06-30T01:11:37.0744400Z  2026-06-30 01:11:36.446 UTC [92] WARNING:  there is already a transaction in progress
postgres-e2e	Stop containers	2026-06-30T01:11:37.0744838Z  2026-06-30 01:11:36.450 UTC [92] WARNING:  there is no transaction in progress
postgres-e2e	Stop containers	2026-06-30T01:11:37.0745300Z  2026-06-30 01:11:36.451 UTC [92] WARNING:  there is already a transaction in progress
postgres-e2e	Stop containers	2026-06-30T01:11:37.0745729Z  2026-06-30 01:11:36.454 UTC [92] WARNING:  there is no transaction in progress
postgres-e2e	Stop containers	2026-06-30T01:11:37.0746161Z  2026-06-30 01:11:36.457 UTC [92] WARNING:  there is already a transaction in progress
postgres-e2e	Stop containers	2026-06-30T01:11:37.0747201Z  2026-06-30 01:11:36.476 UTC [92] WARNING:  there is no transaction in progress
postgres-e2e	Stop containers	2026-06-30T01:11:37.0747904Z  2026-06-30 01:11:36.477 UTC [92] WARNING:  there is already a transaction in progress
postgres-e2e	Stop containers	2026-06-30T01:11:37.0748342Z  2026-06-30 01:11:36.479 UTC [92] WARNING:  there is no transaction in progress
postgres-e2e	Stop containers	2026-06-30T01:11:37.0748769Z  2026-06-30 01:11:36.481 UTC [92] WARNING:  there is already a transaction in progress
postgres-e2e	Stop containers	2026-06-30T01:11:37.0749229Z  2026-06-30 01:11:36.497 UTC [92] WARNING:  there is no transaction in progress
postgres-e2e	Stop containers	2026-06-30T01:11:37.0749967Z  2026-06-30 01:11:36.498 UTC [92] WARNING:  there is already a transaction in progress
postgres-e2e	Stop containers	2026-06-30T01:11:37.0750677Z  2026-06-30 01:11:36.500 UTC [92] WARNING:  there is no transaction in progress
postgres-e2e	Stop containers	2026-06-30T01:11:37.0751391Z  2026-06-30 01:11:36.501 UTC [92] WARNING:  there is already a transaction in progress
postgres-e2e	Stop containers	2026-06-30T01:11:37.0751944Z  2026-06-30 01:11:36.502 UTC [92] WARNING:  there is no transaction in progress
postgres-e2e	Stop containers	2026-06-30T01:11:37.0752403Z  2026-06-30 01:11:36.503 UTC [92] WARNING:  there is already a transaction in progress
postgres-e2e	Stop containers	2026-06-30T01:11:37.0753002Z  2026-06-30 01:11:36.516 UTC [92] WARNING:  there is no transaction in progress
postgres-e2e	Stop containers	2026-06-30T01:11:37.0753664Z  2026-06-30 01:11:36.517 UTC [92] WARNING:  there is already a transaction in progress
postgres-e2e	Stop containers	2026-06-30T01:11:37.0754354Z  2026-06-30 01:11:36.518 UTC [92] WARNING:  there is no transaction in progress
postgres-e2e	Stop containers	2026-06-30T01:11:37.0755269Z  2026-06-30 01:11:36.549 UTC [93] ERROR:  column "ccf_applied" of relation "core_standard_results" does not exist at character 437
postgres-e2e	Stop containers	2026-06-30T01:11:37.0756467Z  2026-06-30 01:11:36.549 UTC [93] STATEMENT:  
postgres-e2e	Stop containers	2026-06-30T01:11:37.0757328Z  	                INSERT INTO core.core_standard_results (
postgres-e2e	Stop containers	2026-06-30T01:11:37.0758026Z  	                    batch_id, exposure_id, counterparty_id, asset_class_id, product_type_id,
postgres-e2e	Stop containers	2026-06-30T01:11:37.0758880Z  	                    gross_exposure, provision_amount, ead_pre_crm, ead_post_fcp, total_fcp_allocated,
postgres-e2e	Stop containers	2026-06-30T01:11:37.0759858Z  	                    risk_weight_base, risk_weight_substituted, rwa_post_crm, supporting_factor_multiplier,
postgres-e2e	Stop containers	2026-06-30T01:11:37.0760617Z  	                    supporting_factor_codes, rwa_final,
postgres-e2e	Stop containers	2026-06-30T01:11:37.0761283Z  	                    ccf_applied, ccf_bucket, rw_rule_source, rw_bucket, cqs_used, ltv_bucket,
postgres-e2e	Stop containers	2026-06-30T01:11:37.0762140Z  	                    currency_mismatch_multiplier, ead_after_ufcp, rwa_before_supporting_factor,
postgres-e2e	Stop containers	2026-06-30T01:11:37.0762865Z  	                    capital_requirement_8pct
postgres-e2e	Stop containers	2026-06-30T01:11:37.0764105Z  	                ) VALUES ('COMMUNITY_E2E_428','EXP_COMMUNITY_1','CP_CORP_01','CORPORATE','TERM_LOAN',100000.0,5000.0,95000.0,95000.0,0.0,1.0,1.0,95000.0,1.0,'',95000.0,1.0,'BUCKET_1','DECISION_ENGINE','RW_10000BP','UNRATED',NULL,1.0,95000.0,95000.0,7600.0)
postgres-e2e	Stop containers	2026-06-30T01:11:37.0765253Z  	                
postgres-e2e	Stop containers	2026-06-30T01:11:37.0766115Z  The database cluster will be initialized with locale "en_US.utf8".
postgres-e2e	Stop containers	2026-06-30T01:11:37.0767184Z  The default database encoding has accordingly been set to "UTF8".
postgres-e2e	Stop containers	2026-06-30T01:11:37.0768064Z  The default text search configuration will be set to "english".
postgres-e2e	Stop containers	2026-06-30T01:11:37.0768722Z  
postgres-e2e	Stop containers	2026-06-30T01:11:37.0768989Z  Data page checksums are disabled.
postgres-e2e	Stop containers	2026-06-30T01:11:37.0769278Z  
postgres-e2e	Stop containers	2026-06-30T01:11:37.0769588Z  fixing permissions on existing directory /var/lib/postgresql/data ... ok
postgres-e2e	Stop containers	2026-06-30T01:11:37.0769992Z  creating subdirectories ... ok
postgres-e2e	Stop containers	2026-06-30T01:11:37.0770310Z  selecting dynamic shared memory implementation ... posix
postgres-e2e	Stop containers	2026-06-30T01:11:37.0770673Z  selecting default max_connections ... 100
postgres-e2e	Stop containers	2026-06-30T01:11:37.0770967Z  selecting default shared_buffers ... 128MB
postgres-e2e	Stop containers	2026-06-30T01:11:37.0771267Z  selecting default time zone ... Etc/UTC
postgres-e2e	Stop containers	2026-06-30T01:11:37.0771549Z  creating configuration files ... ok
postgres-e2e	Stop containers	2026-06-30T01:11:37.0771851Z  running bootstrap script ... ok
postgres-e2e	Stop containers	2026-06-30T01:11:37.0772161Z  performing post-bootstrap initialization ... ok
postgres-e2e	Stop containers	2026-06-30T01:11:37.0772480Z  syncing data to disk ... ok
postgres-e2e	Stop containers	2026-06-30T01:11:37.0772924Z  
postgres-e2e	Stop containers	2026-06-30T01:11:37.0773107Z  
postgres-e2e	Stop containers	2026-06-30T01:11:37.0773375Z  Success. You can now start the database server using:
postgres-e2e	Stop containers	2026-06-30T01:11:37.0773700Z  
postgres-e2e	Stop containers	2026-06-30T01:11:37.0773971Z      pg_ctl -D /var/lib/postgresql/data -l logfile start
postgres-e2e	Stop containers	2026-06-30T01:11:37.0774306Z  
postgres-e2e	Stop containers	2026-06-30T01:11:37.0774980Z  waiting for server to start....2026-06-30 01:11:17.615 UTC [48] LOG:  starting PostgreSQL 16.14 (Debian 16.14-1.pgdg12+1) on x86_64-pc-linux-gnu, compiled by gcc (Debian 12.2.0-14+deb12u1) 12.2.0, 64-bit
postgres-e2e	Stop containers	2026-06-30T01:11:37.0775920Z  2026-06-30 01:11:17.616 UTC [48] LOG:  listening on Unix socket "/var/run/postgresql/.s.PGSQL.5432"
postgres-e2e	Stop containers	2026-06-30T01:11:37.0776489Z  2026-06-30 01:11:17.619 UTC [51] LOG:  database system was shut down at 2026-06-30 01:11:17 UTC
postgres-e2e	Stop containers	2026-06-30T01:11:37.0777244Z  2026-06-30 01:11:17.622 UTC [48] LOG:  database system is ready to accept connections
postgres-e2e	Stop containers	2026-06-30T01:11:37.0777621Z   done
postgres-e2e	Stop containers	2026-06-30T01:11:37.0777828Z  server started
postgres-e2e	Stop containers	2026-06-30T01:11:37.0778052Z  CREATE DATABASE
postgres-e2e	Stop containers	2026-06-30T01:11:37.0778258Z  
postgres-e2e	Stop containers	2026-06-30T01:11:37.0778448Z  
postgres-e2e	Stop containers	2026-06-30T01:11:37.0778782Z  /usr/local/bin/docker-entrypoint.sh: ignoring /docker-entrypoint-initdb.d/*
postgres-e2e	Stop containers	2026-06-30T01:11:37.0779203Z  
postgres-e2e	Stop containers	2026-06-30T01:11:37.0779556Z  waiting for server to shut down...2026-06-30 01:11:17.800 UTC [48] LOG:  received fast shutdown request
postgres-e2e	Stop containers	2026-06-30T01:11:37.0780070Z  .2026-06-30 01:11:17.801 UTC [48] LOG:  aborting any active transactions
postgres-e2e	Stop containers	2026-06-30T01:11:37.0780636Z  2026-06-30 01:11:17.803 UTC [48] LOG:  background worker "logical replication launcher" (PID 54) exited with exit code 1
postgres-e2e	Stop containers	2026-06-30T01:11:37.0781332Z  2026-06-30 01:11:17.803 UTC [49] LOG:  shutting down
postgres-e2e	Stop containers	2026-06-30T01:11:37.0781721Z  2026-06-30 01:11:17.804 UTC [49] LOG:  checkpoint starting: shutdown immediate
postgres-e2e	Stop containers	2026-06-30T01:11:37.0782767Z  2026-06-30 01:11:17.818 UTC [49] LOG:  checkpoint complete: wrote 922 buffers (5.6%); 0 WAL file(s) added, 0 removed, 0 recycled; write=0.012 s, sync=0.002 s, total=0.015 s; sync files=301, longest=0.001 s, average=0.001 s; distance=4255 kB, estimate=4255 kB; lsn=0/1912118, redo lsn=0/1912118
postgres-e2e	Stop containers	2026-06-30T01:11:37.0783782Z  2026-06-30 01:11:17.825 UTC [48] LOG:  database system is shut down
postgres-e2e	Stop containers	2026-06-30T01:11:37.0784114Z   done
postgres-e2e	Stop containers	2026-06-30T01:11:37.0784313Z  server stopped
postgres-e2e	Stop containers	2026-06-30T01:11:37.0784520Z  
postgres-e2e	Stop containers	2026-06-30T01:11:37.0784771Z  PostgreSQL init process complete; ready for start up.
postgres-e2e	Stop containers	2026-06-30T01:11:37.0785079Z  
postgres-e2e	Stop containers	2026-06-30T01:11:37.0790917Z Stop and remove container: ab12d02799a041f286c61a40ed335873_postgres16bookwormsha256da514b7d293c5e9126503f85ecd835f4fb0942a77e012fe74f016c114c3e25b8_599e8e
postgres-e2e	Stop containers	2026-06-30T01:11:37.0795791Z ##[command]/usr/bin/docker rm --force cf3f4bf9972e64e07e5cf14e0e1ac7f6a7feeecfd42ad25df7af5d593c782737
postgres-e2e	Stop containers	2026-06-30T01:11:37.3339612Z cf3f4bf9972e64e07e5cf14e0e1ac7f6a7feeecfd42ad25df7af5d593c782737
postgres-e2e	Stop containers	2026-06-30T01:11:37.3367223Z Remove container network: github_network_9ab17dafcda2407787e62a7f79006bce
postgres-e2e	Stop containers	2026-06-30T01:11:37.3372106Z ##[command]/usr/bin/docker network rm github_network_9ab17dafcda2407787e62a7f79006bce
postgres-e2e	Stop containers	2026-06-30T01:11:37.4423846Z github_network_9ab17dafcda2407787e62a7f79006bce
postgres-e2e	Complete job	﻿2026-06-30T01:11:37.4493930Z Cleaning up orphan processes
